table,section,item,final_G,final_A,final_C,final_F,final_M,final_R,reserve_potential,risk_surface,hazard,regime,minimum_state,maximum_state,hazard_reduction_pct,reserve_gain_pct,ug,parameter,PRCC_reserve,PRCC_hazard,elasticity_reserve,elasticity_hazard,rtol,atol,A0,F0
scenario,scenario,Reference,0.40337660469587056,0.196993586958168,0.09623759945685108,0.15258013371473192,0.12173796146100563,0.5941505290758089,0.4230751422965437,-0.12974788521693353,0.4407834482340205,Constrained,0.08512646629752198,0.74,0.0,0.0,,,,,,,,,,
scenario,scenario,Glycaemic input reduced 30%,0.3212559937545123,0.1614840892154528,0.07975981870676102,0.12645124785438963,0.09956916603134627,0.6382052391537487,0.4989843295078048,-0.18345546238744412,0.33902465660466946,Preserved,0.07870964943856493,0.74,23.085892185163296,17.942247043683437,,,,,,,,,,
scenario,scenario,Albuminuric propagation reduced 35%,0.40337660470295256,0.14412320815643268,0.07729375325250076,0.1369220915160028,0.11763480888821246,0.6242094088162404,0.47345121188172323,-0.16554735776905305,0.3718288806620542,Preserved,0.07468986455248659,0.74,15.643638128480031,11.90712111132961,,,,,,,,,,
scenario,scenario,Frailty coupling reduced 30%,0.40337660470612324,0.1915745991884812,0.09254095921303603,0.11027272669400631,0.11267112533931983,0.6110711861981467,0.45079322800686117,-0.15012904127694807,0.40106433674825165,Preserved,0.08449075963464014,0.74,9.011026082059505,6.551575107877453,,,,,,,,,,
scenario,scenario,Reserve restoration added,0.40337660468861175,0.18934186880910978,0.0904448417707575,0.14580836632015906,0.11714733526891259,0.6749671807038176,0.5087330682741987,-0.17516978746632175,0.35403299771943825,Preserved,0.08361438247113334,0.74,19.680968253718262,20.24650408735555,,,,,,,,,,
scenario,scenario,Combined multi-domain strategy,0.32125599376602726,0.108333072586748,0.05704410582285127,0.07717923979577025,0.08586263345146786,0.7549515136597128,0.6440752461061366,-0.27084794597978756,0.20314000652199965,Preserved,0.05704410582285127,0.7549515136597128,53.91387600059141,52.23660804318505,,,,,,,,,,
continuation,,,0.19105574514939852,0.10226717795321409,0.0528485138060463,0.08359292084195802,0.06376312323240138,0.7200682122858899,0.6325750527245267,-0.27532284394709516,0.19740658761923535,Preserved,0.0528485138060463,0.74,,,0.08,,,,,,,,,
continuation,,,0.20048773978791234,0.10666175365909644,0.054820717291780355,0.08674517976890993,0.0663745214936323,0.713600991736299,0.6223191739573423,-0.2683809134318131,0.20635352014746788,Preserved,0.054820717291780355,0.74,,,0.085,,,,,,,,,
continuation,,,0.2097082504591829,0.11094336367751764,0.05674609443041546,0.08982055927881644,0.06892551544857567,0.7073635118479276,0.6123834519495716,-0.2616388772831141,0.2153267042005177,Preserved,0.05674609443041546,0.74,,,0.09,,,,,,,,,
continuation,,,0.21872394585614482,0.11511572882398191,0.05862601575984515,0.09282146523235844,0.07141788553732427,0.701344690273879,0.6027539530311894,-0.25508866367948957,0.2243125442900909,Preserved,0.05862601575984515,0.74,,,0.095,,,,,,,,,
continuation,,,0.22754123731832282,0.11918243846448838,0.06046181345729881,0.0957502229658577,0.07385335784387534,0.6955341024397331,0.5934175014592834,-0.24872261019117547,0.23329812722614957,Preserved,0.06046181345729881,0.74,,,0.1,,,,,,,,,
continuation,,,0.23616629008771298,0.12314695416847832,0.06225478153786255,0.09860907932481451,0.07623360510905082,0.6899219359552199,0.5843616307008181,-0.2425334390840252,0.24227124873341654,Preserved,0.06225478153786255,0.74,,,0.10500000000000001,,,,,,,,,
continuation,,,0.2446050340313955,0.12701261345223103,0.06400617619800357,0.10140020476987069,0.07856024783183525,0.6844989485924,0.5755745382866353,-0.23651423433814922,0.2512204310397395,Preserved,0.06400617619800357,0.74,,,0.11,,,,,,,,,
continuation,,,0.2528631738613827,0.1307826335784888,0.06571721628168685,0.10412569553253097,0.08083485544345793,0.6792564295369313,0.5670450439576938,-0.23065842025246358,0.2601349322662885,Preserved,0.06571721628168685,0.74,,,0.115,,,,,,,,,
continuation,,,0.2609461988525364,0.1344601153690668,0.06738908383972791,0.10678757579877256,0.08305894751987035,0.6741861635563284,0.5587625507720722,-0.22495974148484638,0.2690047485179892,Preserved,0.06738908383972791,0.74,,,0.12,,,,,,,,,
continuation,,,0.26885939214316307,0.13804804703571605,0.06902292478439687,0.10938779990918801,0.08523399506277105,0.669280398023595,0.5507170090951258,-0.21941224448526828,0.2778206094221164,Preserved,0.06902292478439687,0.74,,,0.125,,,,,,,,,
continuation,,,0.27660783955561946,0.14154930796219373,0.07061984959187378,0.1119282545526248,0.08736142177171323,0.664531812287379,0.5428988830130349,-0.21401026011889995,0.2865739681047694,Preserved,0.07061984959187378,0.74,,,0.13,,,,,,,,,
continuation,,,0.2841964380359789,0.1449666724641272,0.07218093407208162,0.11441076095213752,0.0894426053607075,0.6599334894471742,0.5352991191966596,-0.20874838748110935,0.2952569862621138,Preserved,0.07218093407208162,0.74,,,0.135,,,,,,,,,
continuation,,,0.291629903686933,0.14830281348310265,0.0737072201699904,0.11683707702521658,0.09147887886810835,0.6554788901703589,0.5279091178838332,-0.20362147875673048,0.3038625151846827,Preserved,0.0737072201699904,0.74,,,0.14,,,,,,,,,
continuation,,,0.29891277943160904,0.15156030621655142,0.07519971680077125,0.119208899515148,0.09347153197200035,0.6511618284559006,0.5207207058775005,-0.19862462507192816,0.31238407340594515,Preserved,0.07519183981687423,0.74,,,0.14500000000000002,,,,,,,,,
continuation,,,0.3060494423209252,0.1547416316703603,0.0766594007068837,0.12152786608582881,0.09542181229937081,0.6469764491657244,0.5137261113872451,-0.19375314325861354,0.32081582164676664,Preserved,0.07648842524769273,0.74,,,0.15000000000000002,,,,,,,,,
continuation,,,0.31304411050388314,0.15784918012643176,0.07808721732803807,0.12379555737386103,0.09733092672284999,0.6429172071789842,0.5069179405721491,-0.18900256346461325,0.3291525356589716,Preserved,0.07758789960434735,0.74,,,0.155,,,,,,,,,
continuation,,,0.31990084987745654,0.16088525452044125,0.07948408167899157,0.1260134989944618,0.09920004264194528,0.6389788480428042,0.5002891556592406,-0.18436861754978526,0.3373895775099483,Preserved,0.07853540138867827,0.74,,,0.16,,,,,,,,,
continuation,,,0.326623580436409,0.16385207372425384,0.08085087922558258,0.12818316349557204,0.10103028924233765,0.6351563899941987,0.49383305451427384,-0.17984722821012164,0.3455228657973062,Preserved,0.07936300546944688,0.74,,,0.165,,,,,,,,,
continuation,,,0.33321608230766514,0.16675177573804909,0.08218846678064011,0.13030597227312468,0.10282275874683199,0.631445107278381,0.48754325158280865,-0.17543449878722736,0.3535488452061532,Preserved,0.08009408430432638,0.74,,,0.16999999999999998,,,,,,,,,
continuation,,,0.3396820015477446,0.16958642077150363,0.08349767335753826,0.13238329741175928,0.10457850761760894,0.6278405145840339,0.4814136600392589,-0.17112670369376376,0.3614644558226493,Preserved,0.08074620246855384,0.74,,,0.175,,,,,,,,,
continuation,,,0.3460248556647581,0.1723579942324162,0.08477930103061106,0.13441646347993175,0.10629855774397846,0.6243383525841446,0.4754384751145395,-0.16692027943266277,0.36926710248804956,Preserved,0.08133276777552129,0.74,,,0.18,,,,,,,,,
continuation,,,0.35224803883837713,0.1750684096216829,0.0860341258190498,0.1364067492912353,0.10798389762063607,0.6209345745028241,0.4696121585209381,-0.1628118161700125,0.3769546244661063,Preserved,0.08186416324006546,0.74,,,0.185,,,,,,,,,
continuation,,,0.3583548270125798,0.17771951131057923,0.08726289847658744,0.13835538956233465,0.10963548345145772,0.6176253335170049,0.4639294238067605,-0.15879804979395573,0.384525265710534,Preserved,0.08234861132912395,0.74,,,0.19,,,,,,,,,
continuation,,,0.36434838262847336,0.18031307724018802,0.08846634535982432,0.14026357657204241,0.11125424027582971,0.6144069711009229,0.45838522270857285,-0.15487585447183835,0.39197764583524575,Preserved,0.08279273989682073,0.74,,,0.195,,,,,,,,,
continuation,,,0.3702317592730476,0.18285082150500714,0.08964516918997532,0.14213246171196667,0.11284106301586112,0.611276006069945,0.45297473229468366,-0.1510422356264305,0.399310732028559,Preserved,0.08320196673758326,0.74,,,0.2,,,,,,,,,
continuation,,,0.37600790599368883,0.1853343968562895,0.09080004987957682,0.14396315703290694,0.11439681753623109,0.6082291244227943,0.4476933429634823,-0.14729432334320158,0.40652381195343035,Constrained,0.08358076335694303,0.74,,,0.20500000000000002,,,,,,,,,
continuation,,,0.3816796715551644,0.1877653970977356,0.09193164525451017,0.14575673668633954,0.11592234162983663,0.6052631697848034,0.4425366471270713,-0.14362936614309046,0.41361646779737804,Constrained,0.08393255555885674,0.74,,,0.21000000000000002,,,,,,,,,
continuation,,,0.38724980835204215,0.19014535940280072,0.09304059185082669,0.14751423837057862,0.117418446018545,0.6023751345468771,0.43750042864427574,-0.14004472513464788,0.42058855146266844,Constrained,0.08426075198789736,0.74,,,0.21500000000000002,,,,,,,,,
continuation,,,0.3927209763325441,0.1924757665299175,0.0941275055817041,0.14923666465928148,0.11888591527140177,0.5995621514986876,0.43258065282874697,-0.13653786847833857,0.42744016102443916,Constrained,0.08456764299450467,0.74,,,0.22000000000000003,,,,,,,,,
continuation,,,0.3980957465427139,0.19475804896293317,0.09519298250355589,0.1509249843523987,0.1203255087474425,0.596821486083892,0.4277734571279156,-0.13310636619028915,0.43417161838610074,Constrained,0.08485550975629082,0.74,,,0.22499999999999998,,,,,,,,,
continuation,,,0.4033766046958705,0.19699358695816793,0.09623759945685105,0.15258013371473192,0.12173796146100561,0.594150529075809,0.4230751422965438,-0.12974788521693362,0.4407834482340203,Constrained,0.08512646629752196,0.74,,,0.22999999999999998,,,,,,,,,
continuation,,,0.4085659544978825,0.19918371251425657,0.09726191473794589,0.15420301769859937,0.12312398494099801,0.5915467897521638,0.4184821641226605,-0.12646018479606919,0.44727635821928496,Constrained,0.08538198368010581,0.74,,,0.235,,,,,,,,,
continuation,,,0.4136661207906632,0.2013297112633085,0.09826646876718552,0.15579451113030943,0.12448426806750158,0.5890078895070622,0.41399112564764257,-0.1232411120788007,0.4536512203651089,Constrained,0.08562347072043684,0.74,,,0.24,,,,,,,,,
continuation,,,0.41867935268757306,0.20343282428390047,0.09925178466901423,0.15735545981123888,0.1258194778523648,0.5865315558165812,0.40959876980036053,-0.12008859797748142,0.4599090537107796,Constrained,0.08585237727662405,0.74,,,0.245,,,,,,,,,
continuation,,,0.4236078264259143,0.2054942498419511,0.10021836890951084,0.158886681622602,0.12713026022353605,0.5841156166266747,0.4053019725015049,-0.11700065325815212,0.4660510080921867,Constrained,0.08606944774835275,0.74,,,0.25,,,,,,,,,
continuation,,,0.42845364817402243,0.20751514505994328,0.1011667118716823,0.16038896756252558,0.12841724076497998,0.5817579950563732,0.40109773613789534,-0.11397536483500326,0.4720783490757207,Constrained,0.08627603457763634,0.74,,,0.255,,,,,,,,,
continuation,,,0.43321885675561533,0.20949662751919645,0.10209728839361297,0.16186308273236572,0.12968102542429708,0.579456704410932,0.39698318339632654,-0.11101089225921129,0.47799244399122603,Constrained,0.0864728146384018,0.74,,,0.26,,,,,,,,,
continuation,,,0.43790542615208294,0.2114397767944714,0.10301055834023623,0.16330976731570412,0.1309222012143089,0.5772098435293941,0.39295555147737277,-0.10810546440889862,0.48379474897924435,Constrained,0.08666047022478231,0.74,,,0.265,,,,,,,,,
continuation,,,0.44251526796199236,0.2133456359264029,0.10390696712298488,0.16472973749941092,0.13214133687707513,0.5750155923878217,0.3890121866121822,-0.10525737634585253,0.4894867970492348,Constrained,0.08683968974492944,0.74,,,0.27,,,,,,,,,
continuation,,,0.44705023377432707,0.21521521283433462,0.1047869461929538,0.1661236863537416,0.13333898352131468,0.5728722079574173,0.38515053887786266,-0.10246498633488918,0.49507018708556144,Constrained,0.08701116838115226,0.74,,,0.275,,,,,,,,,
continuation,,,0.4515121174197922,0.21704948167006283,0.10565091352745676,0.16749228468433297,0.1345156752405257,0.5707780203133019,0.38136815730528306,-0.0997267130217768,0.5005465737387329,Constrained,0.08717560870747426,0.74,,,0.28,,,,,,,,,
continuation,,,0.4559026570655024,0.2188493841131538,0.10649927412763492,0.16883618186710694,0.13567192971784026,0.5687314289889448,0.3776626852730839,-0.09704103276596124,0.505917658140101,Constrained,0.08733326482202625,0.74,,,0.28500000000000003,,,,,,,,,
continuation,,,0.46022353731907917,0.22061583061636625,0.10733242045225388,0.17015600662309144,0.13680824879303072,0.5667308995103978,0.37403185612067347,-0.09440647709669467,0.5111851794353797,Constrained,0.08748461897448173,0.74,,,0.29,,,,,,,,,
continuation,,,0.46447639123857787,0.22234970160075943,0.10815073283941697,0.17145236776490666,0.1379251190106769,0.5647749601302721,0.3704734889974477,-0.09182163029870008,0.5163509070593839,Constrained,0.08763018593388744,0.74,,,0.295,,,,,,,,,
continuation,,,0.46866280214735295,0.2240518485940611,0.10895457996430545,0.17272585494373743,0.13902301216386762,0.5628621987857367,0.3669854849727206,-0.08928512713858947,0.5214166336666272,Constrained,0.08777042146046372,0.74,,,0.3,,,,,,,,,
continuation,,,0.47278430548660305,0.22572309532867843,0.10974431922763707,0.17397703933577285,0.1401023858011017,0.5609912601895811,0.36356582331232234,-0.08679565068728681,0.5263841687468753,Constrained,0.0879051819375715,0.74,,,0.305,,,,,,,,,
continuation,,,0.47684239054736294,0.22736423879188,0.11052029715031224,0.1752064743135431,0.1411636837209283,0.559160843099499,0.360212557966413,-0.08435193025838805,0.5312553328280881,Constrained,0.088035312308723,0.74,,,0.31,,,,,,,,,
continuation,,,0.4808385021887666,0.228976050237372,0.11128284972749408,0.1764146960757125,0.1422073364408473,0.5573696977182506,0.3569238142185639,-0.0819527394380763,0.5360319522604402,Constrained,0.08816100697284249,0.74,,,0.315,,,,,,,,,
continuation,,,0.4847740423389864,0.2305592761428542,0.11203230283626688,0.17760222429033107,0.14323376166758572,0.5556166232906788,0.35369778556449405,-0.0795968942392373,0.5407158544642445,Constrained,0.08828245891178739,0.74,,,0.32,,,,,,,,,
continuation,,,0.4886503715907815,0.23211463914079072,0.11276897255727719,0.17876956267165187,0.14424336472953397,0.5539004657757277,0.35053273069201596,-0.07728325131716499,0.545308863717197,Constrained,0.08839978268111824,0.74,,,0.325,,,,,,,,,
continuation,,,0.4924688106555076,0.2336428389048335,0.11349316551932077,0.1799171995543769,0.14523653900313974,0.5522201156729205,0.34742697064435724,-0.0750107062860138,0.5498127973562383,Constrained,0.08851319681061397,0.74,,,0.33,,,,,,,,,
continuation,,,0.496230641801673,0.2351445530042688,0.11420517921149508,0.18104560843407203,0.14621366631827828,0.5505745059489885,0.344378886109045,-0.0727781921074451,0.5542294624069127,Constrained,0.08862305210835744,0.74,,,0.335,,,,,,,,,
continuation,,,0.49993711017572867,0.23662043771676103,0.1149053023108491,0.18215524850175446,0.14717511735536729,0.5489626100999346,0.3413869148692554,-0.07058467756941275,0.558560652563368,Constrained,0.08872953744050888,0.74,,,0.34,,,,,,,,,
continuation,,,0.5035894250926879,0.23807112881036904,0.11559381498729068,0.1832465651512259,0.1481212520248459,0.5473834403063254,0.33844954937216964,-0.06842916583223399,0.5628081455256607,Constrained,0.08883274538431395,0.74,,,0.34500000000000003,,,,,,,,,
continuation,,,0.5071887613082189,0.23949724229714914,0.11627098918240023,0.18431999045835734,0.14905241982890508,0.5458360456733576,0.3355653344043845,-0.06631069303657136,0.5669737006685756,Constrained,0.08893272654558072,0.74,,,0.35000000000000003,,,,,,,,,
continuation,,,0.5107362602025434,0.24089937515228785,0.11693708889466305,0.18537594365103355,0.14996896021404393,0.5443195105776302,0.33273286489737275,-0.06422832698448705,0.571059056986016,Constrained,0.08902978420995984,0.74,,,0.35500000000000004,,,,,,,,,
continuation,,,0.5142330309816826,0.2422781060120113,0.11759237042525868,0.18641483154482102,0.15087120290393888,0.5428329530721709,0.32995078381032356,-0.06218116586685496,0.575065931331824,Constrained,0.08912410334111032,0.74,,,0.36000000000000004,,,,,,,,,
continuation,,,0.5176801516776744,0.2436339958231039,0.11823708268385194,0.18743704899988342,0.1517594682354001,0.5413755234419159,0.3272177801894913,-0.0601683370870556,0.5789960168296974,Constrained,0.08921586825309401,0.74,,,0.36500000000000005,,,,,,,,,
continuation,,,0.5210786702882325,0.24496758848948216,0.1188714674025075,0.18844297931547035,0.15263406746375896,0.5399464027539087,0.32453258723536604,-0.05818899609533615,0.5828509815925903,Constrained,0.08930526267526614,0.74,,,0.37,,,,,,,,,
continuation,,,0.524429605771846,0.2462794114798494,0.11949575938667666,0.18943299463414556,0.15349530306717343,0.5385448015256599,0.32189398051037826,-0.05624232530072654,0.5866324675947969,Constrained,0.08939210021991625,0.74,,,0.375,,,,,,,,,
continuation,,,0.527733949025918,0.24756997641386583,0.12011018674700805,0.19040745632486739,0.1543434690374721,0.5371699584509069,0.3193007762211783,-0.05432753302694948,0.590342089738819,Constrained,0.08947635157329792,0.74,,,0.38,,,,,,,,,
continuation,,,0.5309926638734807,0.24883977963211465,0.12071497110146018,0.19136671533997562,0.15517885115622534,0.5358211391661061,0.31675182955682063,-0.052443852502476906,0.5939814351138324,Constrained,0.08955866271034323,0.74,,,0.385,,,,,,,,,
continuation,,,0.5342066878713638,0.25008930272099666,0.1213103278338767,0.19231111259298572,0.1560017272729522,0.53449763514925,0.3142460331820292,-0.05059054093543722,0.5975520623273183,Constrained,0.08963921484959494,0.74,,,0.39,,,,,,,,,
continuation,,,0.5373769332551391,0.25131901304333243,0.12189646626659806,0.19324097928047326,0.15681236755830535,0.5331987625883803,0.31178231570847487,-0.048766878582396894,0.6010555010670362,Constrained,0.08971698322383993,0.74,,,0.395,,,,,,,,,
continuation,,,0.5405042877532092,0.2525293642330696,0.12247358986979388,0.19415663721508478,0.15761103475641444,0.531923861353525,0.30935964028883245,-0.04697216788503067,0.6044932517324332,Constrained,0.08979321097336368,0.74,,,0.4,,,,,,,,,
continuation,,,0.5435896153889076,0.25372079667343383,0.12304189645443367,0.1950583991411185,0.15839798442629482,0.5306722940091756,0.3069770032650375,-0.045205732639393814,0.6078667851876852,Constrained,0.08986786143923363,0.74,,,0.405,,,,,,,,,
continuation,,,0.5466337572828931,0.2548937379621114,0.123601578343867,0.195946569030593,0.159173465172164,0.5294434448566763,0.30463343285877464,-0.04346691719139828,0.6111775426333842,Constrained,0.08994008513926165,0.74,,,0.41000000000000003,,,,,,,,,
continuation,,,0.549637532355891,0.2560486033448519,0.124152822571437,0.19682144238528104,0.1599377188706182,0.5282367190636125,0.30232798796590366,-0.041755085690249466,0.6144269355224798,Constrained,0.09001121000999326,0.74,,,0.41500000000000004,,,,,,,,,
continuation,,,0.5526017380538785,0.2571857961414095,0.12469581104816661,0.19768330651511978,0.16069098088578462,0.5270515418057838,0.3000597569737007,-0.040069621357802315,0.6176163455881413,Constrained,0.0900802526603312,0.74,,,0.42000000000000004,,,,,,,,,
continuation,,,0.5555271510534482,0.2583057081563912,0.12523072072086383,0.19853244080451182,0.16143348027625698,0.525887357445976,0.2978278566267253,-0.038409925786976634,0.6207471249463684,Constrained,0.09014792406922482,0.74,,,0.42500000000000004,,,,,,,,,
continuation,,,0.5584145279162785,0.259408720069478,0.12575772373595673,0.19936911697466278,0.16216543999640082,0.524743628765717,0.2956314309587069,-0.03677541827812872,0.623820596245739,Constrained,0.09021412031405696,0.74,,,0.43000000000000005,,,,,,,,,
continuation,,,0.5612646057263163,0.26049520181191743,0.12627698759413516,0.20019359933439132,0.16288707708989633,0.5236198362289277,0.2934696502671959,-0.03516553520122448,0.6268380528774212,Constrained,0.09027864582194069,0.74,,,0.435,,,,,,,,,
continuation,,,0.5640781027459287,0.2615655129380211,0.12678867527893423,0.20100614501114375,0.16359860287368136,0.5225154772510127,0.2913417101019836,-0.03357972936863096,0.6298007592644984,Constrained,0.090342086836386,0.74,,,0.44,,,,,,,,,
continuation,,,0.5668557189246166,0.2626200029546007,0.12729294544008754,0.20180700420402586,0.16430022312307418,0.521430065586014,0.28924683038916027,-0.0320174694816695,0.6327099511040826,Constrained,0.09040376950430369,0.74,,,0.445,,,,,,,,,
continuation,,,0.56959813653397,0.26365901167035544,0.12778995250062308,0.2025964203914956,0.16499213824112027,0.5203631306428992,0.2871842544856866,-0.030478239544365293,0.6355668357539771,Constrained,0.09046454338608724,0.74,,,0.45,,,,,,,,,
continuation,,,0.5723060207011869,0.2646828695145117,0.12827984679771215,0.20337463055091662,0.16567454342695512,0.5193142168865208,0.28515324833277284,-0.028961538331587572,0.638372592593278,Constrained,0.09052368206030398,0.74,,,0.455,,,,,,,,,
continuation,,,0.574980019937645,0.26569189784655195,0.12876277471161227,0.2041418653664782,0.1663476288372703,0.518282883255946,0.2831530996349003,-0.027466878873534634,0.641128373421721,Constrained,0.09058187398070171,0.74,,,0.46,,,,,,,,,
continuation,,,0.5776207666485725,0.26668640925431636,0.1292388787899347,0.20489834942947396,0.16701157974207917,0.5172687026088324,0.2811831170736257,-0.025993787961194947,0.6438353028830154,Constrained,0.09063876355807635,0.74,,,0.465,,,,,,,,,
continuation,,,0.5802288776545859,0.26766670784889646,0.12970829785224766,0.20564430142368442,0.1676665766734871,0.5162712611663324,0.2792426295283892,-0.02454180565825198,0.6464944789332033,Constrained,0.09069445590522808,0.74,,,0.47000000000000003,,,,,,,,,
continuation,,,0.5828049546119218,0.26863308952644027,0.13017116713270538,0.20637993432503302,0.16831279557343212,0.5152901580498218,0.2773309854025646,-0.023110484870382836,0.6491069732555484,Constrained,0.09074938757959207,0.74,,,0.47500000000000003,,,,,,,,,
continuation,,,0.585349584503202,0.26958584224284815,0.1306276183746452,0.207105455572281,0.16895040793187763,0.5143250047686209,0.2754475519026636,-0.02169939089284817,0.6516738317626061,Constrained,0.09080266009459001,0.74,,,0.48000000000000004,,,,,,,,,
continuation,,,0.5878633400784962,0.2705252462698368,0.1310777799380075,0.20782106723985336,0.1695795809219179,0.5133754247564939,0.273591714375855,-0.02030810099088759,0.6541960750808262,Constrained,0.09085570319392315,0.74,,,0.48500000000000004,,,,,,,,,
continuation,,,0.5903467802771637,0.2714515744404989,0.13152177690490968,0.2085269662053958,0.17020047753036227,0.5124410529313214,0.2717628756780255,-0.018936203998430157,0.6566746990405857,Constrained,0.09090685149083894,0.74,,,0.49000000000000005,,,,,,,,,
continuation,,,0.5928004506382228,0.27236509238670564,0.13195973117986345,0.2092233443105121,0.17081325668364059,0.5115215352711763,0.2699604555648647,-0.017583299931122925,0.6591106751753333,Constrained,0.09095756605363968,0.74,,,0.49500000000000005,,,,,,,,,
continuation,,,0.5952248837040325,0.2732660587702266,0.13239176158239604,0.20991038851378,0.17141807336909198,0.5106165284011595,0.2681838900997473,-0.01624899961036655,0.6615049512324362,Constrained,0.0910073893759663,0.74,,,0.5,,,,,,,,,
continuation,,,0.5976205994107089,0.27415472550560144,0.1328179839359656,0.2105882810382102,0.17201507875207328,0.5097256991975118,0.26643263108518533,-0.014932924301796269,0.663858451686424,Constrained,0.09105584952972867,0.74,,,0.505,,,,,,,,,
continuation,,,0.5999881054182333,0.2750313379601456,0.13323851117912688,0.2112571995257674,0.1726044202908012,0.5088487244538117,0.2647061455656806,-0.013634705392957774,0.6661720782078551,Constrained,0.09110410879720379,0.74,,,0.51,,,,,,,,,
continuation,,,0.6023278975061086,0.2758961351708704,0.13365345343149548,0.21191731716626228,0.17318624184438072,0.5079852904866863,0.2630039152705004,-0.012353984041865107,0.6684467102075127,Constrained,0.09115090530663413,0.74,,,0.515,,,,,,,,,
continuation,,,0.6046404599057857,0.27674935003808476,0.13406291808407161,0.21256880283481122,0.17376068377908552,0.5071350928062534,0.2613254361302937,-0.011090410865862571,0.6706832053291701,Constrained,0.09119699465865976,0.74,,,0.52,,,,,,,,,
continuation,,,0.6069262656330712,0.2775912095155411,0.13446700988044724,0.21321182122153826,0.17432788307060185,0.5062978357894109,0.25967021780112637,-0.009843645636260195,0.672882399950827,Constrained,0.09124289672820396,0.74,,,0.525,,,,,,,,,
continuation,,,0.6091857768090247,0.2784219347937264,0.13486583099537786,0.21384653295684003,0.17488797340284384,0.5054732323668902,0.25803778320745685,-0.00861335698465307,0.6750451096818726,Constrained,0.09128706865923196,0.74,,,0.53,,,,,,,,,
continuation,,,0.6114194449825358,0.27924174148125114,0.1352594811034254,0.21447309472885737,0.17544108526313976,0.5046610037084632,0.25642766808731393,-0.0073992221121990664,0.6771721298697086,Constrained,0.09133088182083819,0.74,,,0.535,,,,,,,,,
continuation,,,0.6136277114184839,0.2800508397710873,0.13564805745883624,0.21509165940348682,0.17598734603484095,0.5038608789491663,0.25483942058504616,-0.0062009265252705725,0.6792642360731009,Constrained,0.0913745205007023,0.74,,,0.54,,,,,,,,,
continuation,,,0.6158110073764097,0.28084943460087525,0.13603165497291222,0.21570237614020135,0.176526880086799,0.5030725949261716,0.25327260085925685,-0.005018163780662693,0.6813221845306947,Constrained,0.09141646158361588,0.74,,,0.545,,,,,,,,,
continuation,,,0.617969754411757,0.28163772581946905,0.13641036627014957,0.2163053904951101,0.17705980885911166,0.5022958958890067,0.25172678066613274,-0.003850635219699472,0.68334671265912,Constrained,0.09145808908263518,0.74,,,0.55,,,,,,,,,
continuation,,,0.6201043646391987,0.2824159083373576,0.13678428175869647,0.2169008445282664,0.17758625094674696,0.5015305332542473,0.25020154299359126,-0.002698049730215757,0.6853385395113912,Constrained,0.09149955414413848,0.74,,,0.555,,,,,,,,,
continuation,,,0.6222152409945289,0.28318417227449205,0.13715348969429575,0.21748887690534194,0.17810632218022654,0.5007762653615548,0.24869648170030462,-0.0015601235125876078,0.6872983662362614,Depleted,0.0915396501715046,0.74,,,0.5599999999999999,,,,,,,,,
continuation,,,0.6243027774877992,0.2839427031029344,0.13751807624220808,0.2180696229959232,0.17862013570367233,0.5000328572396104,0.24721120116855855,-0.0004365798543936872,0.689226876529494,Depleted,0.09157917869195328,0.74,,,0.565,,,,,,,,,
continuation,,,0.6263673594553602,0.2846916817877092,0.13787812553252846,0.21864321496637093,0.1791278020502198,0.4993000803709073,0.24574531595919713,0.0006728510923975917,0.6911247370866008,Depleted,0.09161855610611908,0.74,,,0.57,,,,,,,,,
continuation,,,0.6284093637964749,0.28543128491966036,0.13823371971815315,0.21920978187175838,0.17962942921507047,0.49857771247655375,0.24429845049081184,0.0017684325203411733,0.6929925980366519,Depleted,0.09165718545132832,0.74,,,0.575,,,,,,,,,
continuation,,,0.6304291591815369,0.2861616848346256,0.13858493904427593,0.2197694497509293,0.18012512272640124,0.4978655373392096,0.24287023876213204,0.002850421151818161,0.6948310933402077,Depleted,0.09169469805968335,0.74,,,0.58,,,,,,,,,
continuation,,,0.632427106298643,0.2868830497482156,0.13893186188687626,0.2203223417049753,0.18061498571345683,0.4971633445679732,0.24146032401623718,0.00391906745301035,0.6966408412397449,Depleted,0.09173207021911506,0.74,,,0.585,,,,,,,,,
continuation,,,0.6344035580605586,0.28759554387228653,0.13927456481004502,0.2208685779825778,0.18109911897285516,0.49647092941803617,0.24006835846526509,0.004974615815442396,0.698422444657598,Depleted,0.09176930260933172,0.74,,,0.59,,,,,,,,,
continuation,,,0.6363588598127352,0.2882993275307618,0.13961312261663783,0.22140827606027333,0.18157762103266806,0.4957880926063009,0.23869400301360327,0.006017304737086976,0.7001764915956282,Depleted,0.09180518066702499,0.74,,,0.595,,,,,,,,,
continuation,,,0.6382933495346264,0.28899455727151757,0.13994760839736367,0.22194155072012642,0.18205058821446285,0.4951146401341903,0.23733692699128595,0.007047366997034926,0.7019035555258598,Depleted,0.09184062659502887,0.74,,,0.6,,,,,,,,,
continuation,,,0.6402073580345343,0.2896813859744828,0.14027809357837284,0.222468514124907,0.18251811469337878,0.4944503831173399,0.23599680789717575,0.008065029823987602,0.7036041957720823,Depleted,0.09187594271514742,0.74,,,0.605,,,,,,,,,
continuation,,,0.6421012091535557,0.29035996296396144,0.14060464795648928,0.22298927588584927,0.1829802925563236,0.4937951375944808,0.23467333112294747,0.00907051507346568,0.7052789579068054,Depleted,0.09191112964106414,0.74,,,0.61,,,,,,,,,
continuation,,,0.6439752199174413,0.29103043409370216,0.14092733976564675,0.22350394314319214,0.18343721185826584,0.49314872442568924,0.2333661897727517,0.010064039354874488,0.7069283740651119,Depleted,0.09194474245067306,0.74,,,0.615,,,,,,,,,
continuation,,,0.6458297007355467,0.29169294185567385,0.14124623570479566,0.22401262062718286,0.18388896067681357,0.4925109691013407,0.23207508439202051,0.011045814204112298,0.7085529633348735,Depleted,0.09197821755554018,0.74,,,0.62,,,,,,,,,
continuation,,,0.6476649555700994,0.29234762547336496,0.14156140098129882,0.2245154107248021,0.18433562516509464,0.4918817016003016,0.23079972274990995,0.01201604622766514,0.7101532320991744,Depleted,0.09201157277676972,0.74,,,0.625,,,,,,,,,
continuation,,,0.6494812821011562,0.2929946209924226,0.14187289935240124,0.22501241354407517,0.18477728960297765,0.4912607562517883,0.22953981962773812,0.012974937242648227,0.7117296743717335,Depleted,0.09204480866829845,0.74,,,0.63,,,,,,,,,
continuation,,,0.6512789718879507,0.293634061369079,0.1421807931643766,0.22550372697586976,0.18521403644670853,0.49064797159971735,0.2282950966121181,0.013922684413497727,0.7132827721262318,Depleted,0.09207662925568032,0.74,,,0.635,,,,,,,,,
continuation,,,0.6530583105252479,0.2942660765556767,0.14248514339050153,0.22598944675376267,0.18564594637701615,0.4900431902721297,0.22706528189540381,0.014859480383999535,0.7148129956171577,Depleted,0.09210822451335304,0.74,,,0.64,,,,,,,,,
continuation,,,0.6548195777948737,0.29489079358339815,0.14278600966790317,0.22646966651204603,0.18607309834574173,0.4894462588554789,0.22585011008316036,0.01578551340483486,0.716320803692303,Depleted,0.092139709143038,0.74,,,0.645,,,,,,,,,
continuation,,,0.6565630478261506,0.2955083366506161,0.14308345032233624,0.2269444778369474,0.1864955696212595,0.48885702774298095,0.22464932197673543,0.016700967472945444,0.717806644123189,Depleted,0.09217108364460794,0.74,,,0.65,,,,,,,,,
continuation,,,0.6582889892084325,0.2961188271819516,0.14337752242686574,0.2274139703321066,0.1869134358317961,0.48827535108609976,0.22346266446437912,0.017606022414700995,0.7192709538428494,Depleted,0.09220157295413586,0.74,,,0.655,,,,,,,,,
continuation,,,0.6599976651537491,0.29672238391815847,0.14366828181593133,0.22787823166236373,0.18732677100830195,0.48770108662658357,0.2222898902905736,0.018500854030366304,0.7207141592819365,Depleted,0.09223137478621042,0.74,,,0.6599999999999999,,,,,,,,,
continuation,,,0.6616893336248898,0.2973191229851096,0.1439557831226181,0.22833734760708466,0.18773564762556816,0.487134095601617,0.22113075790273912,0.019385634198319013,0.7221366766377173,Depleted,0.09226107462146091,0.74,,,0.6649999999999999,,,,,,,,,
continuation,,,0.6633642474653317,0.29790915796399076,0.1442400798103352,0.22879140210978094,0.18814013664218412,0.486574242639641,0.21998503128995384,0.020260530982577962,0.7235389121468955,Depleted,0.09229067291128101,0.74,,,0.6699999999999999,,,,,,,,,
continuation,,,0.6650226545256185,0.2984925999594619,0.14452122420330216,0.22924047732610245,0.18854030753930193,0.48602139565919267,0.21885247982640932,0.02112570873718128,0.7249212623516375,Depleted,0.09232017010280498,0.74,,,0.6749999999999999,,,,,,,,,
continuation,,,0.666664797785982,0.2990695576656587,0.14479926751614727,0.22968465367037874,0.18893622835824259,0.48547542577137737,0.21773287812017866,0.02198132820714338,0.7262841143583152,Depleted,0.0923483712287522,0.74,,,0.6799999999999999,,,,,,,,,
continuation,,,0.6682909154753303,0.29964013743011103,0.14507425988265302,0.23012400986076118,0.18932796573698457,0.48493620718582886,0.2166260058670958,0.022827546626118078,0.7276278460891267,Depleted,0.09237636785664893,0.74,,,0.6849999999999999,,,,,,,,,
continuation,,,0.6699012411931208,0.3002044433203826,0.14534625037767948,0.2305586229602965,0.18971558494578022,0.4844036171014454,0.21553164769049876,0.023664517820547903,0.728952826542025,Depleted,0.0924042709430199,0.74,,,0.69,,,,,,,,,
continuation,,,0.6714960040112388,0.30076257717648436,0.14561528705368768,0.23098856842373447,0.1900991499211712,0.4838775356489365,0.2144495930355793,0.02449239228545233,0.7302594160036993,Depleted,0.0924320808904765,0.74,,,0.695,,,,,,,,,
continuation,,,0.6730754285852115,0.30131463867059693,0.14588141696504278,0.23141392013777273,0.19047872329939466,0.48335784579960206,0.21337963603043608,0.02531131727648267,0.7315479662865588,Depleted,0.09245979809945792,0.74,,,0.7,,,,,,,,,
continuation,,,0.6746397352650659,0.3018607253672339,0.14614468618867793,0.23183475045884316,0.19085436644893028,0.4828444332688527,0.21232157534308532,0.026121436903403322,0.7328188209658263,Depleted,0.09248626495210698,0.74,,,0.705,,,,,,,,,
continuation,,,0.6761891401957165,0.302400932776136,0.14640513985100384,0.23225113025287766,0.19122613950185077,0.4823371864442412,0.21127521406490885,0.026922892209569393,0.7340723155925013,Depleted,0.09251254994880724,0.74,,,0.71,,,,,,,,,
continuation,,,0.6777238554168685,0.3029353544052951,0.14666282215182969,0.23266312893289243,0.19159410138433763,0.481835996309067,0.21024035959080584,0.027715821252500356,0.7353087779060914,Depleted,0.09253874922938642,0.74,,,0.715,,,,,,,,,
continuation,,,0.6792440889600679,0.30346408181235757,0.14691777638760584,0.23307081449547126,0.1919583098463145,0.48134075636861523,0.20921682350325194,0.028500359181913765,0.7365285280413488,Depleted,0.09256486315344065,0.74,,,0.72,,,,,,,,,
continuation,,,0.6807500449429853,0.30398720465446033,0.14717004497401437,0.23347425355618734,0.19231882149022694,0.4808513625789316,0.20820442146012486,0.029276638315310466,0.7377318787291745,Depleted,0.09259089207910058,0.74,,,0.725,,,,,,,,,
continuation,,,0.6822419236610268,0.3045048107365549,0.14741966946793145,0.2338735113839988,0.19267569179899663,0.4803677132780371,0.2072029730861587,0.03004478821119591,0.7389191354918365,Depleted,0.09261616133728216,0.74,,,0.73,,,,,,,,,
continuation,,,0.683719921683717,0.30501698606491523,0.14766669058056728,0.23426865193094032,0.1930289751635528,0.47988970909158113,0.20621230183948575,0.03080493575434684,0.7400905968547022,Depleted,0.09264082292406778,0.74,,,0.735,,,,,,,,,
continuation,,,0.6851842319246857,0.30552381487764185,0.14791114821647885,0.23465973787287986,0.19337872490834856,0.4794172529318052,0.2052322349742759,0.031557205192101284,0.741246554480431,Depleted,0.09266540603804088,0.74,,,0.74,,,,,,,,,
continuation,,,0.6866350437390746,0.3060253797006296,0.1481530814791965,0.23504683063438064,0.19372499331766474,0.4789502498850506,0.20426260339088442,0.03230171822692371,0.7423872933881455,Depleted,0.09268991100022055,0.74,,,0.745,,,,,,,,,
continuation,,,0.6880725430024193,0.30652176138777576,0.1483925286939496,0.23542999042074927,0.19406783166037253,0.4784886071628589,0.2033032415517826,0.033038594075307626,0.7435130921185904,Depleted,0.09271433813041921,0.74,,,0.75,,,,,,,,,
continuation,,,0.689496912189958,0.3070130391622787,0.14862952742695987,0.23580927624788028,0.19440729021412445,0.4780322340449245,0.20235398739015575,0.033767949529926095,0.7446242229024398,Depleted,0.09273868774726796,0.74,,,0.755,,,,,,,,,
continuation,,,0.6909083304541016,0.3074992906570212,0.14886411450382786,0.236184745971085,0.19474341828888497,0.4775810418226559,0.20141468222005832,0.03448989902055738,0.7457209518248441,Depleted,0.09276205199452439,0.74,,,0.76,,,,,,,,,
continuation,,,0.692306973699779,0.3079805919537657,0.14909632602741585,0.23655645631310646,0.19507626424980393,0.4771349437446037,0.2004851706493766,0.03520455467316899,0.7468035389852953,Depleted,0.09278510166821508,0.74,,,0.765,,,,,,,,,
continuation,,,0.6936930146577293,0.30845701762120026,0.14932619739524583,0.23692446289134855,0.1954058755394548,0.47669385496368605,0.19956530049550014,0.035912026367223765,0.7478722386529457,Depleted,0.09280807985979662,0.74,,,0.77,,,,,,,,,
continuation,,,0.6950666229557981,0.3089286407518733,0.14955376331642944,0.23728882024434472,0.19573229869945735,0.4762576924861489,0.19865492270360807,0.03661242179126778,0.7489272994175072,Depleted,0.0928309868543969,0.74,,,0.775,,,,,,,,,
continuation,,,0.6964279651926408,0.30939553300289724,0.14977905782227793,0.23764958185482432,0.19605557939181825,0.4758263751002846,0.19775389124532194,0.03730584650797414,0.7499689643525328,Depleted,0.092853822936139,0.74,,,0.78,,,,,,,,,
continuation,,,0.6977772049964088,0.30985776462093273,0.15000211429408628,0.23800680018012024,0.19637576241872715,0.47539982337349923,0.19686206308731857,0.03799240398368628,0.7509974711235413,Depleted,0.092876588388087,0.74,,,0.7849999999999999,,,,,,,,,
continuation,,,0.6991145030958796,0.31031540448194866,0.15022296547161593,0.23836052667321014,0.1966928917428289,0.474977959578721,0.19597929808921144,0.03867219565310931,0.7520130521474095,Depleted,0.09289866283334693,0.74,,,0.7899999999999999,,,,,,,,,
continuation,,,0.7004400173848297,0.31076852012459066,0.150441643467611,0.23871081180608958,0.19700701050660369,0.47456070764748837,0.19510545892920544,0.03934532096969173,0.753015934728422,Depleted,0.0929201919316695,0.74,,,0.7949999999999999,,,,,,,,,
continuation,,,0.701753902983523,0.31121717778122937,0.1506581797835812,0.23905770509324398,0.19731816105112884,0.4741479931305815,0.19424041103811007,0.040011877451466255,0.7540063411858877,Depleted,0.09294165597537868,0.74,,,0.7999999999999999,,,,,,,,,
continuation,,,0.7030563122994027,0.3116614424090412,0.1508726053240597,0.2394012551139752,0.1976263849343921,0.4737397431557577,0.19338402253113246,0.040671960727668016,0.7549844889813206,Depleted,0.09296305521738109,0.74,,,0.8049999999999999,,,,,,,,,
continuation,,,0.7043473950861874,0.3121013777202085,0.15108495041048364,0.23974150953412066,0.19793172294911213,0.47333588638682617,0.1925361641417141,0.041325664584001304,0.7559505908420184,Depleted,0.09298438990969563,0.74,,,0.8099999999999999,,,,,,,,,
continuation,,,0.7056272985014204,0.3125370462112676,0.15129524479470993,0.2400785151271835,0.19823421514008077,0.4729363529840173,0.19169670915734266,0.04197308100659805,0.7569048548811442,Depleted,0.09300566030340703,0.74,,,0.815,,,,,,,,,
continuation,,,0.7068961671625172,0.31296850919163194,0.1515035176721782,0.24041231779489444,0.19853390082104258,0.4725410745656011,0.1908655333572738,0.0426143002247108,0.7578474847144145,Depleted,0.0930268666486214,0.74,,,0.82,,,,,,,,,
continuation,,,0.7081541432020515,0.3133958268122875,0.15170979769357476,0.24074296258668804,0.19883081859119234,0.4721499841659462,0.19004251494730473,0.04324941075457722,0.7587786795769977,Depleted,0.09304713271495396,0.74,,,0.825,,,,,,,,,
continuation,,,0.7094013663226411,0.313819058095177,0.15191411297434876,0.2410704937178328,0.1991250063513326,0.47176301618778316,0.1892275344893532,0.04387849944557487,0.7596986344422361,Depleted,0.0930671676978047,0.74,,,0.83,,,,,,,,,
continuation,,,0.7106379738421092,0.3142382609499767,0.15211649111809558,0.24139495459354024,0.1994165013187837,0.471380106413363,0.18842047489084202,0.04450165149622451,0.7606075400948792,Depleted,0.09308714376002726,0.74,,,0.835,,,,,,,,,
continuation,,,0.711864100750562,0.314653492208801,0.15231695921742033,0.2417163878223499,0.19970534004318655,0.4710011919252849,0.18762122130381087,0.04511895051501891,0.7615055832685688,Depleted,0.09310706112479618,0.74,,,0.84,,,,,,,,,
continuation,,,0.7130798797575961,0.3150648076482078,0.15251554386875443,0.2420348352356121,0.1999915584210732,0.47062621108744424,0.18682966108506305,0.04573047855048487,0.7623929467368523,Depleted,0.09312692001447537,0.74,,,0.845,,,,,,,,,
continuation,,,0.7142854413403026,0.31547226201335604,0.15271227118350741,0.24235033790493724,0.20027519171024669,0.4702551035129801,0.18604568374377595,0.04633631612724884,0.7632698094116976,Depleted,0.0931467206505792,0.74,,,0.85,,,,,,,,,
continuation,,,0.715480913790056,0.3158759090415057,0.15290716679893218,0.24266293615918647,0.20055627454378763,0.46988781003319796,0.1852691808906186,0.046936542281099364,0.764136346439254,Depleted,0.09316646325373597,0.74,,,0.855,,,,,,,,,
continuation,,,0.716666423258128,0.31627580148487866,0.15310025588871287,0.24297266960101843,0.20083484094369747,0.4695242726674346,0.18450004618832616,0.047531234593075455,0.7649927292929398,Depleted,0.09318560120859193,0.74,,,0.86,,,,,,,,,
continuation,,,0.7178420938001584,0.31667199113290095,0.1532915631732846,0.24327957712300485,0.20111092433419026,0.4691644345938378,0.18373817530368813,0.0481204692226114,0.7658391258639352,Depleted,0.09320423347211465,0.74,,,0.865,,,,,,,,,
continuation,,,0.7190080474195143,0.31706452883384517,0.15348111292989453,0.24358369692332899,0.20138455755464307,0.46880824012102607,0.18298346586090236,0.04870432093976901,0.7666757005491567,Depleted,0.09322281242045274,0.74,,,0.87,,,,,,,,,
continuation,,,0.7201644041099317,0.31745346451653983,0.1536689290016407,0.2438850665207196,0.20165577287226047,0.46845563465715484,0.1822358173928012,0.04928286315830224,0.7675026143392418,Depleted,0.09324133825019722,0.74,,,0.875,,,,,,,,,
continuation,,,0.7213112818983,0.31783884721369093,0.1538550348036179,0.24418372276777695,0.2019246019945646,0.4681065646684241,0.18149513128198524,0.04985616797351347,0.7683200249121694,Depleted,0.09325981115721359,0.74,,,0.88,,,,,,,,,
continuation,,,0.7224487968797365,0.3182207250724993,0.15403945334331748,0.24447970187064694,0.20219107608071718,0.4677609777026664,0.18076131076751506,0.050424306167283356,0.7691280866789746,Depleted,0.09327823133660965,0.74,,,0.885,,,,,,,,,
continuation,,,0.723577063261737,0.3185991453829058,0.15422220721925148,0.24477303939827813,0.20245522575382224,0.46741882231722903,0.18003426085624302,0.05098734726034823,0.7699269508958411,Depleted,0.09329659898270487,0.74,,,0.89,,,,,,,,,
continuation,,,0.7246961934009714,0.31897415459386397,0.15440331863292156,0.24506377029766643,0.20271708111212514,0.4670800480687404,0.1793138882965094,0.05154535953333475,0.7707167657304743,Depleted,0.0933149142890013,0.74,,,0.895,,,,,,,,,
continuation,,,0.7258062978406565,0.3193457983317959,0.15458280939739363,0.24535192890726185,0.20297667174011366,0.46674460548923347,0.17860010153858652,0.05209841005419569,0.7714976763366127,Depleted,0.09333257704264121,0.74,,,0.9,,,,,,,,,
prcc,,,,,,,,,,,,,,,,,,rho,0.9472125532318945,-0.9200749386955132,,,,,,
prcc,,,,,,,,,,,,,,,,,,ug,-0.9250518225456659,0.9383688180436286,,,,,,
prcc,,,,,,,,,,,,,,,,,,kg,0.8023601904723371,-0.8299152733901255,,,,,,
prcc,,,,,,,,,,,,,,,,,,ag,-0.7939406796545093,0.8236927345491964,,,,,,
prcc,,,,,,,,,,,,,,,,,,da,-0.6129600182988891,0.5256878422226942,,,,,,
prcc,,,,,,,,,,,,,,,,,,ka,0.5922898310534231,-0.6348812512607738,,,,,,
prcc,,,,,,,,,,,,,,,,,,fg,-0.5565749511115037,0.6100829660092657,,,,,,
prcc,,,,,,,,,,,,,,,,,,df,-0.5157468280645513,0.4367405906725661,,,,,,
prcc,,,,,,,,,,,,,,,,,,kf,0.4727977970738154,-0.5253930190393605,,,,,,
prcc,,,,,,,,,,,,,,,,,,ca,-0.4496536773853688,0.4811146928064978,,,,,,
prcc,,,,,,,,,,,,,,,,,,dc,-0.3228993804496263,0.2611516180015121,,,,,,
prcc,,,,,,,,,,,,,,,,,,kc,0.26863836278088554,-0.2937326632302976,,,,,,
elasticity,,,,,,,,,,,,,,,,,,rho,,,0.6168954089012938,-0.619822711033265,,,,
elasticity,,,,,,,,,,,,,,,,,,ug,,,-0.5050351933369625,0.6837994432070301,,,,
elasticity,,,,,,,,,,,,,,,,,,kg,,,0.48493724961326695,-0.6597484591011578,,,,
elasticity,,,,,,,,,,,,,,,,,,ag,,,-0.31479082627529037,0.4275685571145122,,,,
elasticity,,,,,,,,,,,,,,,,,,ka,,,0.23403577766367123,-0.3191484690850589,,,,
elasticity,,,,,,,,,,,,,,,,,,da,,,-0.20411212505977544,0.2055378572291969,,,,
elasticity,,,,,,,,,,,,,,,,,,kf,,,0.14331398301332185,-0.2010334364876215,,,,
elasticity,,,,,,,,,,,,,,,,,,df,,,-0.1291676769757204,0.13011192493559295,,,,
elasticity,,,,,,,,,,,,,,,,,,fg,,,-0.11124366442435195,0.15558747561295355,,,,
elasticity,,,,,,,,,,,,,,,,,,ca,,,-0.09996883010589863,0.13508497063292374,,,,
elasticity,,,,,,,,,,,,,,,,,,kc,,,0.09544233112438111,-0.12887841966549604,,,,
elasticity,,,,,,,,,,,,,,,,,,dc,,,-0.07221211102791178,0.07275006122698212,,,,
robustness,,,0.40337653357798536,0.19699359565532962,0.09623763379123991,0.15258015360224286,0.12173797857932674,0.5941505462656087,0.4230751554789076,-0.12974788877019164,0.4407834412271831,Constrained,0.08512646163095501,0.74,,,,,,,,,1e-06,1e-08,,
robustness,,,0.40337660410408976,0.19699358694656677,0.09623759977582595,0.1525801338982713,0.12173796158224418,0.5941505292324676,0.4230751424334891,-0.12974788526715011,0.440783448134996,Constrained,0.08512646623943187,0.74,,,,,,,,,1e-08,1e-10,,
robustness,,,0.40337660476547704,0.19699358696198446,0.09623759941866866,0.15258013369249557,0.12173796144733567,0.59415052905569,0.4230751422783091,-0.1297478852097461,0.4407834482481937,Constrained,0.0851264663165397,0.74,,,,,,,,,1e-10,1e-12,,
basin,,,,,,,,,0.43320643999269387,,0.4287205621690698,Constrained,,,,,,,,,,,,,0.05,0.05
basin,,,,,,,,,0.4322986530003954,,0.42979993880202694,Constrained,,,,,,,,,,,,,0.05,0.06666666666666667
basin,,,,,,,,,0.4313937002060455,,0.4308774012564405,Constrained,,,,,,,,,,,,,0.05,0.08333333333333334
basin,,,,,,,,,0.43049157844791286,,0.4319529336597451,Constrained,,,,,,,,,,,,,0.05,0.1
basin,,,,,,,,,0.4295922844386123,,0.4330265204026577,Constrained,,,,,,,,,,,,,0.05,0.11666666666666667
basin,,,,,,,,,0.4286958147680257,,0.4340981461385515,Constrained,,,,,,,,,,,,,0.05,0.13333333333333333
basin,,,,,,,,,0.4278021659056513,,0.43516779578261683,Constrained,,,,,,,,,,,,,0.05,0.15000000000000002
basin,,,,,,,,,0.4269113342029527,,0.43623545451077345,Constrained,,,,,,,,,,,,,0.05,0.16666666666666669
basin,,,,,,,,,0.4260233158960015,,0.437301107758212,Constrained,,,,,,,,,,,,,0.05,0.18333333333333335
basin,,,,,,,,,0.4251381071089495,,0.438364741217193,Constrained,,,,,,,,,,,,,0.05,0.2
basin,,,,,,,,,0.42425570385918276,,0.4394263408335311,Constrained,,,,,,,,,,,,,0.05,0.21666666666666667
basin,,,,,,,,,0.4233761020367545,,0.4404858928262748,Constrained,,,,,,,,,,,,,0.05,0.23333333333333334
basin,,,,,,,,,0.4224992973299451,,0.44154338374991076,Constrained,,,,,,,,,,,,,0.05,0.25
basin,,,,,,,,,0.4216252854813093,,0.4425988002701579,Constrained,,,,,,,,,,,,,0.05,0.26666666666666666
basin,,,,,,,,,0.4207540620568723,,0.4436521293713416,Constrained,,,,,,,,,,,,,0.05,0.2833333333333333
basin,,,,,,,,,0.4198856225195706,,0.44470335829009106,Constrained,,,,,,,,,,,,,0.05,0.3
basin,,,,,,,,,0.41901996223508353,,0.4457524745109721,Constrained,,,,,,,,,,,,,0.05,0.31666666666666665
basin,,,,,,,,,0.4181570764805055,,0.4467994657601528,Constrained,,,,,,,,,,,,,0.05,0.3333333333333333
basin,,,,,,,,,0.4172969603885346,,0.44784432005124286,Constrained,,,,,,,,,,,,,0.05,0.35
basin,,,,,,,,,0.41643960890937265,,0.448887025712386,Constrained,,,,,,,,,,,,,0.05,0.36666666666666664
basin,,,,,,,,,0.4155850170863882,,0.44992757116694543,Constrained,,,,,,,,,,,,,0.05,0.3833333333333333
basin,,,,,,,,,0.41473317978300556,,0.4509659451540641,Constrained,,,,,,,,,,,,,0.05,0.39999999999999997
basin,,,,,,,,,0.4138840917737799,,0.45200213665465605,Constrained,,,,,,,,,,,,,0.05,0.41666666666666663
basin,,,,,,,,,0.41303774775124236,,0.4530361348862105,Constrained,,,,,,,,,,,,,0.05,0.4333333333333333
basin,,,,,,,,,0.41219414233428675,,0.4540679292966127,Constrained,,,,,,,,,,,,,0.05,0.45
basin,,,,,,,,,0.4113532698692253,,0.45509750971644936,Constrained,,,,,,,,,,,,,0.05,0.4666666666666667
basin,,,,,,,,,0.4105151248393317,,0.45612486604207986,Constrained,,,,,,,,,,,,,0.05,0.48333333333333334
basin,,,,,,,,,0.40967970158621914,,0.4571499884523257,Constrained,,,,,,,,,,,,,0.05,0.5
basin,,,,,,,,,0.40884699435269567,,0.45817286737424107,Constrained,,,,,,,,,,,,,0.05,0.5166666666666667
basin,,,,,,,,,0.40801699730380814,,0.4591934934666454,Constrained,,,,,,,,,,,,,0.05,0.5333333333333333
basin,,,,,,,,,0.40718970453160563,,0.4602118576162642,Constrained,,,,,,,,,,,,,0.05,0.55
basin,,,,,,,,,0.43237400196851583,,0.4297003343016762,Constrained,,,,,,,,,,,,,0.06666666666666667,0.05
basin,,,,,,,,,0.4314713383644363,,0.4307749470501712,Constrained,,,,,,,,,,,,,0.06666666666666667,0.06666666666666667
basin,,,,,,,,,0.4305714933997802,,0.4318476384165443,Constrained,,,,,,,,,,,,,0.06666666666666667,0.08333333333333334
basin,,,,,,,,,0.4296744637899387,,0.43291839292415063,Constrained,,,,,,,,,,,,,0.06666666666666667,0.1
basin,,,,,,,,,0.4287802461280739,,0.43398719535745,Constrained,,,,,,,,,,,,,0.06666666666666667,0.11666666666666667
basin,,,,,,,,,0.42788883688735807,,0.43505403076098614,Constrained,,,,,,,,,,,,,0.06666666666666667,0.13333333333333333
basin,,,,,,,,,0.4270002324234704,,0.4361188844380882,Constrained,,,,,,,,,,,,,0.06666666666666667,0.15000000000000002
basin,,,,,,,,,0.4261144289768484,,0.4371817419497741,Constrained,,,,,,,,,,,,,0.06666666666666667,0.16666666666666669
basin,,,,,,,,,0.42523142267447445,,0.4382425891139798,Constrained,,,,,,,,,,,,,0.06666666666666667,0.18333333333333335
basin,,,,,,,,,0.4243512095313032,,0.43930141200498574,Constrained,,,,,,,,,,,,,0.06666666666666667,0.2
basin,,,,,,,,,0.42347378545163833,,0.4403581969527715,Constrained,,,,,,,,,,,,,0.06666666666666667,0.21666666666666667
basin,,,,,,,,,0.42259914623087114,,0.4414129305419737,Constrained,,,,,,,,,,,,,0.06666666666666667,0.23333333333333334
basin,,,,,,,,,0.4217272875581941,,0.44246559960999265,Constrained,,,,,,,,,,,,,0.06666666666666667,0.25
basin,,,,,,,,,0.4208582050212985,,0.4435161912435433,Constrained,,,,,,,,,,,,,0.06666666666666667,0.26666666666666666
basin,,,,,,,,,0.41999189411438087,,0.44456469277281696,Constrained,,,,,,,,,,,,,0.06666666666666667,0.2833333333333333
basin,,,,,,,,,0.41912835025091977,,0.44561109176241576,Constrained,,,,,,,,,,,,,0.06666666666666667,0.3
basin,,,,,,,,,0.41826756851352076,,0.44665537620947615,Constrained,,,,,,,,,,,,,0.06666666666666667,0.31666666666666665
basin,,,,,,,,,0.4174095441935408,,0.4476975341109644,Constrained,,,,,,,,,,,,,0.06666666666666667,0.3333333333333333
basin,,,,,,,,,0.4165542723683351,,0.4487375538056818,Constrained,,,,,,,,,,,,,0.06666666666666667,0.35
basin,,,,,,,,,0.41570174802258475,,0.44977542387565833,Constrained,,,,,,,,,,,,,0.06666666666666667,0.36666666666666664
basin,,,,,,,,,0.4148519660587455,,0.45081113313827015,Constrained,,,,,,,,,,,,,0.06666666666666667,0.3833333333333333
basin,,,,,,,,,0.41400492130948807,,0.4518446706372797,Constrained,,,,,,,,,,,,,0.06666666666666667,0.39999999999999997
basin,,,,,,,,,0.4131606083074516,,0.4528760258180971,Constrained,,,,,,,,,,,,,0.06666666666666667,0.41666666666666663
basin,,,,,,,,,0.41231902174007196,,0.45390518817774844,Constrained,,,,,,,,,,,,,0.06666666666666667,0.4333333333333333
basin,,,,,,,,,0.4114801561513864,,0.4549321474958828,Constrained,,,,,,,,,,,,,0.06666666666666667,0.45
basin,,,,,,,,,0.4106440059824604,,0.45595689380247845,Constrained,,,,,,,,,,,,,0.06666666666666667,0.4666666666666667
basin,,,,,,,,,0.40981056559873086,,0.4569794173568375,Constrained,,,,,,,,,,,,,0.06666666666666667,0.48333333333333334
basin,,,,,,,,,0.4089798292983058,,0.4579997086413474,Constrained,,,,,,,,,,,,,0.06666666666666667,0.5
basin,,,,,,,,,0.40815179118911854,,0.4590177584526178,Constrained,,,,,,,,,,,,,0.06666666666666667,0.5166666666666667
basin,,,,,,,,,0.4073264453444412,,0.4600335577836169,Constrained,,,,,,,,,,,,,0.06666666666666667,0.5333333333333333
basin,,,,,,,,,0.40650378585533464,,0.461047097786016,Constrained,,,,,,,,,,,,,0.06666666666666667,0.55
basin,,,,,,,,,0.43154436049864553,,0.43067802914049563,Constrained,,,,,,,,,,,,,0.08333333333333334,0.05
basin,,,,,,,,,0.43064680295288266,,0.43174787453261887,Constrained,,,,,,,,,,,,,0.08333333333333334,0.06666666666666667
basin,,,,,,,,,0.4297520483564633,,0.4328157917976872,Constrained,,,,,,,,,,,,,0.08333333333333334,0.08333333333333334
basin,,,,,,,,,0.42886009335352815,,0.43388176578908555,Constrained,,,,,,,,,,,,,0.08333333333333334,0.1
basin,,,,,,,,,0.4279709344231206,,0.4349457816855854,Constrained,,,,,,,,,,,,,0.08333333333333334,0.11666666666666667
basin,,,,,,,,,0.42708456792494287,,0.4360078249206515,Constrained,,,,,,,,,,,,,0.08333333333333334,0.13333333333333333
basin,,,,,,,,,0.42620099010478607,,0.437067881181305,Constrained,,,,,,,,,,,,,0.08333333333333334,0.15000000000000002
basin,,,,,,,,,0.42532019709672897,,0.4381259364079187,Constrained,,,,,,,,,,,,,0.08333333333333334,0.16666666666666669
basin,,,,,,,,,0.42444218492517016,,0.439181976793488,Constrained,,,,,,,,,,,,,0.08333333333333334,0.18333333333333335
basin,,,,,,,,,0.423566949507292,,0.44023598878228876,Constrained,,,,,,,,,,,,,0.08333333333333334,0.2
basin,,,,,,,,,0.4226944866567237,,0.44128795906749707,Constrained,,,,,,,,,,,,,0.08333333333333334,0.21666666666666667
basin,,,,,,,,,0.42182479208971624,,0.4423378745869365,Constrained,,,,,,,,,,,,,0.08333333333333334,0.23333333333333334
basin,,,,,,,,,0.4209578614117688,,0.44338572253472536,Constrained,,,,,,,,,,,,,0.08333333333333334,0.25
basin,,,,,,,,,0.4200936899767648,,0.4444314904702999,Constrained,,,,,,,,,,,,,0.08333333333333334,0.26666666666666666
basin,,,,,,,,,0.41923227327291757,,0.4454751660133648,Constrained,,,,,,,,,,,,,0.08333333333333334,0.2833333333333333
basin,,,,,,,,,0.4183736065911911,,0.4465167371093009,Constrained,,,,,,,,,,,,,0.08333333333333334,0.3
basin,,,,,,,,,0.4175176851281302,,0.4475561919464059,Constrained,,,,,,,,,,,,,0.08333333333333334,0.31666666666666665
basin,,,,,,,,,0.416664503995029,,0.4485935189491177,Constrained,,,,,,,,,,,,,0.08333333333333334,0.3333333333333333
basin,,,,,,,,,0.4158140582328786,,0.4496287067673595,Constrained,,,,,,,,,,,,,0.08333333333333334,0.35
basin,,,,,,,,,0.4149663426200418,,0.45066174442203677,Constrained,,,,,,,,,,,,,0.08333333333333334,0.36666666666666664
basin,,,,,,,,,0.41412135198010486,,0.4516926210684938,Constrained,,,,,,,,,,,,,0.08333333333333334,0.3833333333333333
basin,,,,,,,,,0.41327908108835365,,0.45272132607115384,Constrained,,,,,,,,,,,,,0.08333333333333334,0.39999999999999997
basin,,,,,,,,,0.41243952458582556,,0.45374784906725324,Constrained,,,,,,,,,,,,,0.08333333333333334,0.41666666666666663
basin,,,,,,,,,0.41160267704027365,,0.4547721799206642,Constrained,,,,,,,,,,,,,0.08333333333333334,0.4333333333333333
basin,,,,,,,,,0.4107685329598312,,0.4557943087120493,Constrained,,,,,,,,,,,,,0.08333333333333334,0.45
basin,,,,,,,,,0.4099370865412921,,0.45681422592395987,Constrained,,,,,,,,,,,,,0.08333333333333334,0.4666666666666667
basin,,,,,,,,,0.4091083321652532,,0.45783192207320356,Constrained,,,,,,,,,,,,,0.08333333333333334,0.48333333333333334
basin,,,,,,,,,0.40828226406949997,,0.45884738795405805,Constrained,,,,,,,,,,,,,0.08333333333333334,0.5
basin,,,,,,,,,0.40745887639576983,,0.45986061460248373,Constrained,,,,,,,,,,,,,0.08333333333333334,0.5166666666666667
basin,,,,,,,,,0.40663816321797686,,0.46087159327496663,Constrained,,,,,,,,,,,,,0.08333333333333334,0.5333333333333333
basin,,,,,,,,,0.4058201185505948,,0.46188031544215996,Constrained,,,,,,,,,,,,,0.08333333333333334,0.55
basin,,,,,,,,,0.43071751342733966,,0.43165363274333407,Constrained,,,,,,,,,,,,,0.1,0.05
basin,,,,,,,,,0.4298250444562329,,0.4327187077146005,Constrained,,,,,,,,,,,,,0.1,0.06666666666666667
basin,,,,,,,,,0.4289353627281385,,0.43378184813588283,Constrained,,,,,,,,,,,,,0.1,0.08333333333333334
basin,,,,,,,,,0.4280484647499869,,0.4348430392887576,Constrained,,,,,,,,,,,,,0.1,0.1
basin,,,,,,,,,0.4271643468824682,,0.4359022667384864,Constrained,,,,,,,,,,,,,0.1,0.11666666666666667
basin,,,,,,,,,0.4262830053756539,,0.43695951629823326,Constrained,,,,,,,,,,,,,0.1,0.13333333333333333
basin,,,,,,,,,0.4254044363692155,,0.4380147740315967,Constrained,,,,,,,,,,,,,0.1,0.15000000000000002
basin,,,,,,,,,0.4245286358936683,,0.4390680262528091,Constrained,,,,,,,,,,,,,0.1,0.16666666666666669
basin,,,,,,,,,0.4236555998722247,,0.44011925952593856,Constrained,,,,,,,,,,,,,0.1,0.18333333333333335
basin,,,,,,,,,0.42278532412240777,,0.44116846066408394,Constrained,,,,,,,,,,,,,0.1,0.2
basin,,,,,,,,,0.4219178043573911,,0.44221561672866344,Constrained,,,,,,,,,,,,,0.1,0.21666666666666667
basin,,,,,,,,,0.4210530361875666,,0.4432607150284414,Constrained,,,,,,,,,,,,,0.1,0.23333333333333334
basin,,,,,,,,,0.420191015123064,,0.44430374311777493,Constrained,,,,,,,,,,,,,0.1,0.25
basin,,,,,,,,,0.41933173657845724,,0.44534468879323275,Constrained,,,,,,,,,,,,,0.1,0.26666666666666666
basin,,,,,,,,,0.4184751958813554,,0.4463835400874891,Constrained,,,,,,,,,,,,,0.1,0.2833333333333333
basin,,,,,,,,,0.41762138828469475,,0.44742028526093336,Constrained,,,,,,,,,,,,,0.1,0.3
basin,,,,,,,,,0.4167703086858631,,0.4484549130099006,Constrained,,,,,,,,,,,,,0.1,0.31666666666666665
basin,,,,,,,,,0.4159219522447023,,0.4494874120037423,Constrained,,,,,,,,,,,,,0.1,0.3333333333333333
basin,,,,,,,,,0.41507631388941313,,0.4505177712569783,Constrained,,,,,,,,,,,,,0.1,0.35
basin,,,,,,,,,0.41423338846392693,,0.45154598001775875,Constrained,,,,,,,,,,,,,0.1,0.36666666666666664
basin,,,,,,,,,0.4133931707401347,,0.4525720277589811,Constrained,,,,,,,,,,,,,0.1,0.3833333333333333
basin,,,,,,,,,0.4125556554204982,,0.45359590417693324,Constrained,,,,,,,,,,,,,0.1,0.39999999999999997
basin,,,,,,,,,0.41172083684926386,,0.4546175994005676,Constrained,,,,,,,,,,,,,0.1,0.41666666666666663
basin,,,,,,,,,0.4108887096607591,,0.4556371035170169,Constrained,,,,,,,,,,,,,0.1,0.4333333333333333
basin,,,,,,,,,0.41005926826197325,,0.4566544069512208,Constrained,,,,,,,,,,,,,0.1,0.45
basin,,,,,,,,,0.4092325069873205,,0.45766950035173,Constrained,,,,,,,,,,,,,0.1,0.4666666666666667
basin,,,,,,,,,0.4084084201103833,,0.4586823745820765,Constrained,,,,,,,,,,,,,0.1,0.48333333333333334
basin,,,,,,,,,0.40758700178765406,,0.45969302076129026,Constrained,,,,,,,,,,,,,0.1,0.5
basin,,,,,,,,,0.4067682459538652,,0.4607014303372921,Constrained,,,,,,,,,,,,,0.1,0.5166666666666667
basin,,,,,,,,,0.40595214673780894,,0.4617075947877459,Constrained,,,,,,,,,,,,,0.1,0.5333333333333333
basin,,,,,,,,,0.40513869808096203,,0.4627115058945905,Constrained,,,,,,,,,,,,,0.1,0.55
basin,,,,,,,,,0.4298934584519236,,0.43262713142930115,Constrained,,,,,,,,,,,,,0.11666666666666667,0.05
basin,,,,,,,,,0.4290060605069098,,0.4336874332283302,Constrained,,,,,,,,,,,,,0.11666666666666667,0.06666666666666667
basin,,,,,,,,,0.4281214339843413,,0.4347457945060109,Constrained,,,,,,,,,,,,,0.11666666666666667,0.08333333333333334
basin,,,,,,,,,0.42723957529036016,,0.43580220091581845,Constrained,,,,,,,,,,,,,0.11666666666666667,0.1
basin,,,,,,,,,0.4263604806721192,,0.43685663840471944,Constrained,,,,,,,,,,,,,0.11666666666666667,0.11666666666666667
basin,,,,,,,,,0.4254841462735398,,0.43790909316124244,Constrained,,,,,,,,,,,,,0.11666666666666667,0.13333333333333333
basin,,,,,,,,,0.42461056813139897,,0.4389595516208731,Constrained,,,,,,,,,,,,,0.11666666666666667,0.15000000000000002
basin,,,,,,,,,0.42373974217598753,,0.4400080004666255,Constrained,,,,,,,,,,,,,0.11666666666666667,0.16666666666666669
basin,,,,,,,,,0.42287166423341177,,0.4410544266278168,Constrained,,,,,,,,,,,,,0.11666666666666667,0.18333333333333335
basin,,,,,,,,,0.42200633002742294,,0.44209881727902295,Constrained,,,,,,,,,,,,,0.11666666666666667,0.2
basin,,,,,,,,,0.4211437351805243,,0.44314115983948354,Constrained,,,,,,,,,,,,,0.11666666666666667,0.21666666666666667
basin,,,,,,,,,0.4202838752148499,,0.44418144197259923,Constrained,,,,,,,,,,,,,0.11666666666666667,0.23333333333333334
basin,,,,,,,,,0.4194267455531868,,0.4452196515852615,Constrained,,,,,,,,,,,,,0.11666666666666667,0.25
basin,,,,,,,,,0.4185723415205762,,0.4462557768267014,Constrained,,,,,,,,,,,,,0.11666666666666667,0.26666666666666666
basin,,,,,,,,,0.41772065834697547,,0.44728980608652086,Constrained,,,,,,,,,,,,,0.11666666666666667,0.2833333333333333
basin,,,,,,,,,0.41687169117209605,,0.44832172799114905,Constrained,,,,,,,,,,,,,0.11666666666666667,0.3
basin,,,,,,,,,0.41602543505417877,,0.4493515313975837,Constrained,,,,,,,,,,,,,0.11666666666666667,0.31666666666666665
basin,,,,,,,,,0.4151818849850168,,0.4503792053829778,Constrained,,,,,,,,,,,,,0.11666666666666667,0.3333333333333333
basin,,,,,,,,,0.4143410356536282,,0.4514047394143606,Constrained,,,,,,,,,,,,,0.11666666666666667,0.35
basin,,,,,,,,,0.41350288188366147,,0.45242812303106283,Constrained,,,,,,,,,,,,,0.11666666666666667,0.36666666666666664
basin,,,,,,,,,0.41266741839692767,,0.4534493460178853,Constrained,,,,,,,,,,,,,0.11666666666666667,0.3833333333333333
basin,,,,,,,,,0.4118346397967355,,0.4544683984157795,Constrained,,,,,,,,,,,,,0.11666666666666667,0.39999999999999997
basin,,,,,,,,,0.4110045406187059,,0.45548527048511483,Constrained,,,,,,,,,,,,,0.11666666666666667,0.41666666666666663
basin,,,,,,,,,0.4101771153490513,,0.45649995269284105,Constrained,,,,,,,,,,,,,0.11666666666666667,0.4333333333333333
basin,,,,,,,,,0.4093523581207734,,0.4575124359279034,Constrained,,,,,,,,,,,,,0.11666666666666667,0.45
basin,,,,,,,,,0.40853026331221387,,0.45852271107330955,Constrained,,,,,,,,,,,,,0.11666666666666667,0.4666666666666667
basin,,,,,,,,,0.4077108251382977,,0.4595307692987235,Constrained,,,,,,,,,,,,,0.11666666666666667,0.48333333333333334
basin,,,,,,,,,0.40689403772510985,,0.46053660200617424,Constrained,,,,,,,,,,,,,0.11666666666666667,0.5
basin,,,,,,,,,0.4060798951407812,,0.4615402008077444,Constrained,,,,,,,,,,,,,0.11666666666666667,0.5166666666666667
basin,,,,,,,,,0.4052683913949078,,0.4625415575257809,Constrained,,,,,,,,,,,,,0.11666666666666667,0.5333333333333333
basin,,,,,,,,,0.4044595201629929,,0.46354066438612695,Constrained,,,,,,,,,,,,,0.11666666666666667,0.55
basin,,,,,,,,,0.42907219312318323,,0.43359851178951325,Constrained,,,,,,,,,,,,,0.13333333333333333,0.05
basin,,,,,,,,,0.42818984855177555,,0.4346540380446791,Constrained,,,,,,,,,,,,,0.13333333333333333,0.06666666666666667
basin,,,,,,,,,0.42731025943787637,,0.4357076182581201,Constrained,,,,,,,,,,,,,0.13333333333333333,0.08333333333333334
basin,,,,,,,,,0.4264334221721307,,0.4367592383870503,Constrained,,,,,,,,,,,,,0.13333333333333333,0.1
basin,,,,,,,,,0.425559332881221,,0.43780888476116203,Constrained,,,,,,,,,,,,,0.13333333333333333,0.11666666666666667
basin,,,,,,,,,0.4246879876024089,,0.43885654394243706,Constrained,,,,,,,,,,,,,0.13333333333333333,0.13333333333333333
basin,,,,,,,,,0.42381938227236315,,0.43990220273359604,Constrained,,,,,,,,,,,,,0.13333333333333333,0.15000000000000002
basin,,,,,,,,,0.42295351272457504,,0.44094584818111415,Constrained,,,,,,,,,,,,,0.13333333333333333,0.16666666666666669
basin,,,,,,,,,0.4220903746912972,,0.4419874675743111,Constrained,,,,,,,,,,,,,0.13333333333333333,0.18333333333333335
basin,,,,,,,,,0.42122996380559874,,0.443027048444095,Constrained,,,,,,,,,,,,,0.13333333333333333,0.2
basin,,,,,,,,,0.42037227560252827,,0.44406457856225046,Constrained,,,,,,,,,,,,,0.13333333333333333,0.21666666666666667
basin,,,,,,,,,0.41951730551975974,,0.44510004594103314,Constrained,,,,,,,,,,,,,0.13333333333333333,0.23333333333333334
basin,,,,,,,,,0.41866504889836964,,0.44613343883262335,Constrained,,,,,,,,,,,,,0.13333333333333333,0.25
basin,,,,,,,,,0.4178155009838781,,0.44716474572834997,Constrained,,,,,,,,,,,,,0.13333333333333333,0.26666666666666666
basin,,,,,,,,,0.41696865692785945,,0.44819395535746354,Constrained,,,,,,,,,,,,,0.13333333333333333,0.2833333333333333
basin,,,,,,,,,0.41612451179029364,,0.44922105668534307,Constrained,,,,,,,,,,,,,0.13333333333333333,0.3
basin,,,,,,,,,0.4152830605434653,,0.45024603891059,Constrained,,,,,,,,,,,,,0.13333333333333333,0.31666666666666665
basin,,,,,,,,,0.4144442980785942,,0.45126889146024535,Constrained,,,,,,,,,,,,,0.13333333333333333,0.3333333333333333
basin,,,,,,,,,0.41360821921689506,,0.4522896039820538,Constrained,,,,,,,,,,,,,0.13333333333333333,0.35
basin,,,,,,,,,0.4127748186319818,,0.4533081663990302,Constrained,,,,,,,,,,,,,0.13333333333333333,0.36666666666666664
basin,,,,,,,,,0.4119440908066746,,0.45432456893751205,Constrained,,,,,,,,,,,,,0.13333333333333333,0.3833333333333333
basin,,,,,,,,,0.41111603039495304,,0.45533880187436315,Constrained,,,,,,,,,,,,,0.13333333333333333,0.39999999999999997
basin,,,,,,,,,0.41029063185506387,,0.45635085579407497,Constrained,,,,,,,,,,,,,0.13333333333333333,0.41666666666666663
basin,,,,,,,,,0.4094678895742513,,0.4573607215006122,Constrained,,,,,,,,,,,,,0.13333333333333333,0.4333333333333333
basin,,,,,,,,,0.4086477978815648,,0.4583683900082348,Constrained,,,,,,,,,,,,,0.13333333333333333,0.45
basin,,,,,,,,,0.4078303510032306,,0.45937385257259716,Constrained,,,,,,,,,,,,,0.13333333333333333,0.4666666666666667
basin,,,,,,,,,0.4070155428950252,,0.4603771008059426,Constrained,,,,,,,,,,,,,0.13333333333333333,0.48333333333333334
basin,,,,,,,,,0.4062033677651894,,0.4613781263122528,Constrained,,,,,,,,,,,,,0.13333333333333333,0.5
basin,,,,,,,,,0.4053938196158924,,0.46237692100707956,Constrained,,,,,,,,,,,,,0.13333333333333333,0.5166666666666667
basin,,,,,,,,,0.4045868923870552,,0.4633734770163507,Constrained,,,,,,,,,,,,,0.13333333333333333,0.5333333333333333
basin,,,,,,,,,0.4037825799668353,,0.4643677866686034,Constrained,,,,,,,,,,,,,0.13333333333333333,0.55
basin,,,,,,,,,0.42825371484705876,,0.4345677606879208,Constrained,,,,,,,,,,,,,0.15000000000000002,0.05
basin,,,,,,,,,0.4273764058145004,,0.43561850946031067,Constrained,,,,,,,,,,,,,0.15000000000000002,0.06666666666666667
basin,,,,,,,,,0.4265018363000882,,0.43666730697743006,Constrained,,,,,,,,,,,,,0.15000000000000002,0.08333333333333334
basin,,,,,,,,,0.42563000247522376,,0.4377141396638128,Constrained,,,,,,,,,,,,,0.15000000000000002,0.1
basin,,,,,,,,,0.4247609004782747,,0.4387589941309159,Constrained,,,,,,,,,,,,,0.15000000000000002,0.11666666666666667
basin,,,,,,,,,0.42389452622772944,,0.4398018573179589,Constrained,,,,,,,,,,,,,0.15000000000000002,0.13333333333333333
basin,,,,,,,,,0.423030875558759,,0.4408427163930905,Constrained,,,,,,,,,,,,,0.15000000000000002,0.15000000000000002
basin,,,,,,,,,0.4221699442107146,,0.4418815587614905,Constrained,,,,,,,,,,,,,0.15000000000000002,0.16666666666666669
basin,,,,,,,,,0.42131172782534887,,0.44291837206711593,Constrained,,,,,,,,,,,,,0.15000000000000002,0.18333333333333335
basin,,,,,,,,,0.42045622194824817,,0.4439531441919185,Constrained,,,,,,,,,,,,,0.15000000000000002,0.2
basin,,,,,,,,,0.4196034220299114,,0.4449858632551329,Constrained,,,,,,,,,,,,,0.15000000000000002,0.21666666666666667
basin,,,,,,,,,0.4187533234264534,,0.4460165176127561,Constrained,,,,,,,,,,,,,0.15000000000000002,0.23333333333333334
basin,,,,,,,,,0.41790592140015514,,0.4470450958570984,Constrained,,,,,,,,,,,,,0.15000000000000002,0.25
basin,,,,,,,,,0.41706121112041195,,0.44807158681602494,Constrained,,,,,,,,,,,,,0.15000000000000002,0.26666666666666666
basin,,,,,,,,,0.4162191876651036,,0.4490959795518707,Constrained,,,,,,,,,,,,,0.15000000000000002,0.2833333333333333
basin,,,,,,,,,0.4153798460225195,,0.4501182633599318,Constrained,,,,,,,,,,,,,0.15000000000000002,0.3
basin,,,,,,,,,0.41454318109417243,,0.4511384277663124,Constrained,,,,,,,,,,,,,0.15000000000000002,0.31666666666666665
basin,,,,,,,,,0.41370918769904813,,0.45215646252477404,Constrained,,,,,,,,,,,,,0.15000000000000002,0.3333333333333333
basin,,,,,,,,,0.4128778605800715,,0.4531723576120961,Constrained,,,,,,,,,,,,,0.15000000000000002,0.35
basin,,,,,,,,,0.4120491944146342,,0.4541861032207515,Constrained,,,,,,,,,,,,,0.15000000000000002,0.36666666666666664
basin,,,,,,,,,0.4112231836473193,,0.4551976898732279,Constrained,,,,,,,,,,,,,0.15000000000000002,0.3833333333333333
basin,,,,,,,,,0.41039982274259157,,0.45620710824710275,Constrained,,,,,,,,,,,,,0.15000000000000002,0.39999999999999997
basin,,,,,,,,,0.40957910617155585,,0.4572143491851588,Constrained,,,,,,,,,,,,,0.15000000000000002,0.41666666666666663
basin,,,,,,,,,0.40876102826057525,,0.458219403798329,Constrained,,,,,,,,,,,,,0.15000000000000002,0.4333333333333333
basin,,,,,,,,,0.4079455832674096,,0.45922226341295896,Constrained,,,,,,,,,,,,,0.15000000000000002,0.45
basin,,,,,,,,,0.40713276539147913,,0.4602229195633762,Constrained,,,,,,,,,,,,,0.15000000000000002,0.4666666666666667
basin,,,,,,,,,0.4063225687759333,,0.4612213639902182,Constrained,,,,,,,,,,,,,0.15000000000000002,0.48333333333333334
basin,,,,,,,,,0.40551498720828494,,0.46221758884454883,Constrained,,,,,,,,,,,,,0.15000000000000002,0.5
basin,,,,,,,,,0.4047100148050958,,0.46321158621758596,Constrained,,,,,,,,,,,,,0.15000000000000002,0.5166666666666667
basin,,,,,,,,,0.40390764545782165,,0.4642033485207811,Constrained,,,,,,,,,,,,,0.15000000000000002,0.5333333333333333
basin,,,,,,,,,0.40310787299626144,,0.4651928683727916,Constrained,,,,,,,,,,,,,0.15000000000000002,0.55
basin,,,,,,,,,0.42743802089517946,,0.4355348652550223,Constrained,,,,,,,,,,,,,0.16666666666666669,0.05
basin,,,,,,,,,0.42656572946055915,,0.43658083496308736,Constrained,,,,,,,,,,,,,0.16666666666666669,0.06666666666666667
basin,,,,,,,,,0.425696161565624,,0.4376248485763069,Constrained,,,,,,,,,,,,,0.16666666666666669,0.08333333333333334
basin,,,,,,,,,0.42482931320397144,,0.43866689293331906,Constrained,,,,,,,,,,,,,0.16666666666666669,0.1
basin,,,,,,,,,0.4239651803239256,,0.4397069550789393,Constrained,,,,,,,,,,,,,0.16666666666666669,0.11666666666666667
basin,,,,,,,,,0.4231037588982265,,0.4407450222098495,Constrained,,,,,,,,,,,,,0.16666666666666669,0.13333333333333333
basin,,,,,,,,,0.42224504464127444,,0.44178108186630216,Constrained,,,,,,,,,,,,,0.16666666666666669,0.15000000000000002
basin,,,,,,,,,0.42138903319331733,,0.4428151218122381,Constrained,,,,,,,,,,,,,0.16666666666666669,0.16666666666666669
basin,,,,,,,,,0.42053572010656926,,0.44384713004255194,Constrained,,,,,,,,,,,,,0.16666666666666669,0.18333333333333335
basin,,,,,,,,,0.4196851008417036,,0.4448770947853676,Constrained,,,,,,,,,,,,,0.16666666666666669,0.2
basin,,,,,,,,,0.41883717076758337,,0.4459050045022168,Constrained,,,,,,,,,,,,,0.16666666666666669,0.21666666666666667
basin,,,,,,,,,0.4179919251615984,,0.4469308478877188,Constrained,,,,,,,,,,,,,0.16666666666666669,0.23333333333333334
basin,,,,,,,,,0.41714935921012875,,0.44795461386913166,Constrained,,,,,,,,,,,,,0.16666666666666669,0.25
basin,,,,,,,,,0.41630946800942414,,0.44897629160559493,Constrained,,,,,,,,,,,,,0.16666666666666669,0.26666666666666666
basin,,,,,,,,,0.4154722465670223,,0.4499958704869795,Constrained,,,,,,,,,,,,,0.16666666666666669,0.2833333333333333
basin,,,,,,,,,0.41463768980366267,,0.4510133401323709,Constrained,,,,,,,,,,,,,0.16666666666666669,0.3
basin,,,,,,,,,0.4138057925560474,,0.45202869038795257,Constrained,,,,,,,,,,,,,0.16666666666666669,0.31666666666666665
basin,,,,,,,,,0.41297654958054986,,0.4530419113242345,Constrained,,,,,,,,,,,,,0.16666666666666669,0.3333333333333333
basin,,,,,,,,,0.4121499555586113,,0.4540529932321514,Constrained,,,,,,,,,,,,,0.16666666666666669,0.35
basin,,,,,,,,,0.4113260051044423,,0.4550619266176425,Constrained,,,,,,,,,,,,,0.16666666666666669,0.36666666666666664
basin,,,,,,,,,0.4105046925721696,,0.4560687023305647,Constrained,,,,,,,,,,,,,0.16666666666666669,0.3833333333333333
basin,,,,,,,,,0.4096860124345817,,0.4570733113094089,Constrained,,,,,,,,,,,,,0.16666666666666669,0.39999999999999997
basin,,,,,,,,,0.4088699590843562,,0.45807574471510365,Constrained,,,,,,,,,,,,,0.16666666666666669,0.41666666666666663
basin,,,,,,,,,0.40805652679715965,,0.4590759939550065,Constrained,,,,,,,,,,,,,0.16666666666666669,0.4333333333333333
basin,,,,,,,,,0.4072457097790023,,0.46007405065056284,Constrained,,,,,,,,,,,,,0.16666666666666669,0.45
basin,,,,,,,,,0.4064375021726756,,0.46106990663245007,Constrained,,,,,,,,,,,,,0.16666666666666669,0.4666666666666667
basin,,,,,,,,,0.40563189806719535,,0.462063553933735,Constrained,,,,,,,,,,,,,0.16666666666666669,0.48333333333333334
basin,,,,,,,,,0.4048288914046236,,0.46305498485231683,Constrained,,,,,,,,,,,,,0.16666666666666669,0.5
basin,,,,,,,,,0.40402847598705993,,0.46404419194488494,Constrained,,,,,,,,,,,,,0.16666666666666669,0.5166666666666667
basin,,,,,,,,,0.40323064577872825,,0.46503116782278875,Constrained,,,,,,,,,,,,,0.16666666666666669,0.5333333333333333
basin,,,,,,,,,0.4024353945701493,,0.46601590537814797,Constrained,,,,,,,,,,,,,0.16666666666666669,0.55
basin,,,,,,,,,0.4266251084242474,,0.4364998128855113,Constrained,,,,,,,,,,,,,0.18333333333333335,0.05
basin,,,,,,,,,0.4257578165269674,,0.43754100231006576,Constrained,,,,,,,,,,,,,0.18333333333333335,0.06666666666666667
basin,,,,,,,,,0.42489323208500024,,0.4385802312186134,Constrained,,,,,,,,,,,,,0.18333333333333335,0.08333333333333334
basin,,,,,,,,,0.4240313510406396,,0.4396174867738401,Constrained,,,,,,,,,,,,,0.18333333333333335,0.1
basin,,,,,,,,,0.42317216924406664,,0.44065275637665446,Constrained,,,,,,,,,,,,,0.18333333333333335,0.11666666666666667
basin,,,,,,,,,0.4223156823040235,,0.4416860277518866,Constrained,,,,,,,,,,,,,0.18333333333333335,0.13333333333333333
basin,,,,,,,,,0.4214618860785634,,0.4427172886495086,Constrained,,,,,,,,,,,,,0.18333333333333335,0.15000000000000002
basin,,,,,,,,,0.4206107761271578,,0.4437465271728917,Constrained,,,,,,,,,,,,,0.18333333333333335,0.16666666666666669
basin,,,,,,,,,0.4197623478991488,,0.4447737316717916,Constrained,,,,,,,,,,,,,0.18333333333333335,0.18333333333333335
basin,,,,,,,,,0.41891659676676646,,0.4457988907193117,Constrained,,,,,,,,,,,,,0.18333333333333335,0.2
basin,,,,,,,,,0.41807351801779524,,0.44682199311561904,Constrained,,,,,,,,,,,,,0.18333333333333335,0.21666666666666667
basin,,,,,,,,,0.41723310685304205,,0.44784302788926006,Constrained,,,,,,,,,,,,,0.18333333333333335,0.23333333333333334
basin,,,,,,,,,0.4163953583858641,,0.4488619842972477,Constrained,,,,,,,,,,,,,0.18333333333333335,0.25
basin,,,,,,,,,0.4155602676427613,,0.44987885182445025,Constrained,,,,,,,,,,,,,0.18333333333333335,0.26666666666666666
basin,,,,,,,,,0.4147278295648306,,0.450893620182392,Constrained,,,,,,,,,,,,,0.18333333333333335,0.2833333333333333
basin,,,,,,,,,0.4138980390099519,,0.4519062793075442,Constrained,,,,,,,,,,,,,0.18333333333333335,0.3
basin,,,,,,,,,0.41307089075568715,,0.4529168193591212,Constrained,,,,,,,,,,,,,0.18333333333333335,0.31666666666666665
basin,,,,,,,,,0.412246379503151,,0.4539252307162128,Constrained,,,,,,,,,,,,,0.18333333333333335,0.3333333333333333
basin,,,,,,,,,0.4114244998823108,,0.4549315039739691,Constrained,,,,,,,,,,,,,0.18333333333333335,0.35
basin,,,,,,,,,0.41060524624840883,,0.45593563007666704,Constrained,,,,,,,,,,,,,0.18333333333333335,0.36666666666666664
basin,,,,,,,,,0.40978861315780113,,0.4569376000048409,Constrained,,,,,,,,,,,,,0.18333333333333335,0.3833333333333333
basin,,,,,,,,,0.4089745949997259,,0.45793740501668634,Constrained,,,,,,,,,,,,,0.18333333333333335,0.39999999999999997
basin,,,,,,,,,0.4081631860750128,,0.45893503659582047,Constrained,,,,,,,,,,,,,0.18333333333333335,0.41666666666666663
basin,,,,,,,,,0.40735438061317253,,0.4599304864395098,Constrained,,,,,,,,,,,,,0.18333333333333335,0.4333333333333333
basin,,,,,,,,,0.4065481727759749,,0.4609237464557416,Constrained,,,,,,,,,,,,,0.18333333333333335,0.45
basin,,,,,,,,,0.4057445566624325,,0.4619148087593489,Constrained,,,,,,,,,,,,,0.18333333333333335,0.4666666666666667
basin,,,,,,,,,0.4049435263158102,,0.46290366566679747,Constrained,,,,,,,,,,,,,0.18333333333333335,0.48333333333333334
basin,,,,,,,,,0.4041450756515418,,0.4638903097435817,Constrained,,,,,,,,,,,,,0.18333333333333335,0.5
basin,,,,,,,,,0.40334919842588146,,0.4648747338240486,Constrained,,,,,,,,,,,,,0.18333333333333335,0.5166666666666667
basin,,,,,,,,,0.4025558885727444,,0.465856930786814,Constrained,,,,,,,,,,,,,0.18333333333333335,0.5333333333333333
basin,,,,,,,,,0.4017651398498447,,0.4668368937895664,Constrained,,,,,,,,,,,,,0.18333333333333335,0.55
basin,,,,,,,,,0.4258149742720301,,0.4374625913437031,Constrained,,,,,,,,,,,,,0.2,0.05
basin,,,,,,,,,0.42495266394143744,,0.4384989995213512,Constrained,,,,,,,,,,,,,0.2,0.06666666666666667
basin,,,,,,,,,0.4240930447215083,,0.4395334432437905,Constrained,,,,,,,,,,,,,0.2,0.08333333333333334
basin,,,,,,,,,0.4232361126462396,,0.4405659099322557,Constrained,,,,,,,,,,,,,0.2,0.1
basin,,,,,,,,,0.42238186348481066,,0.4415963873264987,Constrained,,,,,,,,,,,,,0.2,0.11666666666666667
basin,,,,,,,,,0.42153029288737187,,0.4426248634188275,Constrained,,,,,,,,,,,,,0.2,0.13333333333333333
basin,,,,,,,,,0.42068139642610264,,0.4436513264246134,Constrained,,,,,,,,,,,,,0.2,0.15000000000000002
basin,,,,,,,,,0.4198351695088544,,0.44467576483297944,Constrained,,,,,,,,,,,,,0.2,0.16666666666666669
basin,,,,,,,,,0.4189916075589397,,0.4456981673013442,Constrained,,,,,,,,,,,,,0.2,0.18333333333333335
basin,,,,,,,,,0.4181507059720723,,0.4467185226754222,Constrained,,,,,,,,,,,,,0.2,0.2
basin,,,,,,,,,0.41731245994207344,,0.4477368200970197,Constrained,,,,,,,,,,,,,0.2,0.21666666666666667
basin,,,,,,,,,0.4164768645890292,,0.4487530489272754,Constrained,,,,,,,,,,,,,0.2,0.23333333333333334
basin,,,,,,,,,0.41564391495369174,,0.4497671987491255,Constrained,,,,,,,,,,,,,0.2,0.25
basin,,,,,,,,,0.4148136059958686,,0.4507792593677948,Constrained,,,,,,,,,,,,,0.2,0.26666666666666666
basin,,,,,,,,,0.4139859325950068,,0.45178922081004275,Constrained,,,,,,,,,,,,,0.2,0.2833333333333333
basin,,,,,,,,,0.4131608895522164,,0.45279707332251684,Constrained,,,,,,,,,,,,,0.2,0.3
basin,,,,,,,,,0.41233847150105635,,0.45380280742819895,Constrained,,,,,,,,,,,,,0.2,0.31666666666666665
basin,,,,,,,,,0.41151867306706846,,0.4548064138245907,Constrained,,,,,,,,,,,,,0.2,0.3333333333333333
basin,,,,,,,,,0.41070148885121305,,0.4558078833934411,Constrained,,,,,,,,,,,,,0.2,0.35
basin,,,,,,,,,0.4098869133284738,,0.456807207264966,Constrained,,,,,,,,,,,,,0.2,0.36666666666666664
basin,,,,,,,,,0.4090749408987804,,0.45780437678495695,Constrained,,,,,,,,,,,,,0.2,0.3833333333333333
basin,,,,,,,,,0.4082655658889124,,0.45879938351302335,Constrained,,,,,,,,,,,,,0.2,0.39999999999999997
basin,,,,,,,,,0.40745878255472107,,0.459792219220602,Constrained,,,,,,,,,,,,,0.2,0.41666666666666663
basin,,,,,,,,,0.4066545850838682,,0.4607828758885987,Constrained,,,,,,,,,,,,,0.2,0.4333333333333333
basin,,,,,,,,,0.4058529675993029,,0.4617713457045307,Constrained,,,,,,,,,,,,,0.2,0.45
basin,,,,,,,,,0.4050539241637459,,0.4627576210589898,Constrained,,,,,,,,,,,,,0.2,0.4666666666666667
basin,,,,,,,,,0.4042574487855428,,0.4637416945411972,Constrained,,,,,,,,,,,,,0.2,0.48333333333333334
basin,,,,,,,,,0.4034635351807987,,0.4647235590941791,Constrained,,,,,,,,,,,,,0.2,0.5
basin,,,,,,,,,0.4026721773250449,,0.46570320765241663,Constrained,,,,,,,,,,,,,0.2,0.5166666666666667
basin,,,,,,,,,0.4018833690161432,,0.46668063342772337,Constrained,,,,,,,,,,,,,0.2,0.5333333333333333
basin,,,,,,,,,0.40109710398236237,,0.46765582983764775,Constrained,,,,,,,,,,,,,0.2,0.55
basin,,,,,,,,,0.4250076153631004,,0.43842318852666967,Constrained,,,,,,,,,,,,,0.21666666666666667,0.05
basin,,,,,,,,,0.4241502682447693,,0.43945481501549727,Constrained,,,,,,,,,,,,,0.21666666666666667,0.06666666666666667
basin,,,,,,,,,0.42329559613261236,,0.4404844733141045,Constrained,,,,,,,,,,,,,0.21666666666666667,0.08333333333333334
basin,,,,,,,,,0.4224435947295978,,0.44151215132247873,Constrained,,,,,,,,,,,,,0.21666666666666667,0.1
basin,,,,,,,,,0.4215942597180047,,0.4425378371372019,Constrained,,,,,,,,,,,,,0.21666666666666667,0.11666666666666667
basin,,,,,,,,,0.4207475868318649,,0.4435615189967281,Constrained,,,,,,,,,,,,,0.21666666666666667,0.13333333333333333
basin,,,,,,,,,0.4199035715197673,,0.44458318547623166,Constrained,,,,,,,,,,,,,0.21666666666666667,0.15000000000000002
basin,,,,,,,,,0.4190622091701707,,0.44560282536464746,Constrained,,,,,,,,,,,,,0.21666666666666667,0.16666666666666669
basin,,,,,,,,,0.4182234950927669,,0.44662042767211474,Constrained,,,,,,,,,,,,,0.21666666666666667,0.18333333333333335
basin,,,,,,,,,0.4173874245138154,,0.44763598163202145,Constrained,,,,,,,,,,,,,0.21666666666666667,0.2
basin,,,,,,,,,0.41655399257611486,,0.44864947670065264,Constrained,,,,,,,,,,,,,0.21666666666666667,0.21666666666666667
basin,,,,,,,,,0.4157231943394488,,0.4496609025565425,Constrained,,,,,,,,,,,,,0.21666666666666667,0.23333333333333334
basin,,,,,,,,,0.4148950247808013,,0.45067024909996745,Constrained,,,,,,,,,,,,,0.21666666666666667,0.25
basin,,,,,,,,,0.4140694787946195,,0.4516775064524214,Constrained,,,,,,,,,,,,,0.21666666666666667,0.26666666666666666
basin,,,,,,,,,0.4132465511935799,,0.45268266495578247,Constrained,,,,,,,,,,,,,0.21666666666666667,0.2833333333333333
basin,,,,,,,,,0.4124262367097191,,0.45368571517122763,Constrained,,,,,,,,,,,,,0.21666666666666667,0.3
basin,,,,,,,,,0.41160852999563935,,0.4546866478780729,Constrained,,,,,,,,,,,,,0.21666666666666667,0.31666666666666665
basin,,,,,,,,,0.4107934256265475,,0.45568545407205285,Constrained,,,,,,,,,,,,,0.21666666666666667,0.3333333333333333
basin,,,,,,,,,0.40998091810176396,,0.45668212496389426,Constrained,,,,,,,,,,,,,0.21666666666666667,0.35
basin,,,,,,,,,0.40917100184653377,,0.457676651977664,Constrained,,,,,,,,,,,,,0.21666666666666667,0.36666666666666664
basin,,,,,,,,,0.4083636712139759,,0.4586690267489979,Constrained,,,,,,,,,,,,,0.21666666666666667,0.3833333333333333
basin,,,,,,,,,0.40755892048724096,,0.45965924112316564,Constrained,,,,,,,,,,,,,0.21666666666666667,0.39999999999999997
basin,,,,,,,,,0.406756743881989,,0.4606472871529031,Constrained,,,,,,,,,,,,,0.21666666666666667,0.41666666666666663
basin,,,,,,,,,0.4059571355493028,,0.46163315709593683,Constrained,,,,,,,,,,,,,0.21666666666666667,0.4333333333333333
basin,,,,,,,,,0.40516008957919875,,0.46261684341210024,Constrained,,,,,,,,,,,,,0.21666666666666667,0.45
basin,,,,,,,,,0.40436559993115195,,0.46359833880745877,Constrained,,,,,,,,,,,,,0.21666666666666667,0.4666666666666667
basin,,,,,,,,,0.4035736604656137,,0.46457763621339127,Constrained,,,,,,,,,,,,,0.21666666666666667,0.48333333333333334
basin,,,,,,,,,0.40278426515637533,,0.465554728648903,Constrained,,,,,,,,,,,,,0.21666666666666667,0.5
basin,,,,,,,,,0.4019974078225452,,0.46652960939265287,Constrained,,,,,,,,,,,,,0.21666666666666667,0.5166666666666667
basin,,,,,,,,,0.4012130822235197,,0.4675022719210363,Constrained,,,,,,,,,,,,,0.21666666666666667,0.5333333333333333
basin,,,,,,,,,0.4004312820610963,,0.46847270990605283,Constrained,,,,,,,,,,,,,0.21666666666666667,0.55
basin,,,,,,,,,0.4242030284621718,,0.4393815926316755,Constrained,,,,,,,,,,,,,0.23333333333333334,0.05
basin,,,,,,,,,0.42335062617311203,,0.4404084372899574,Constrained,,,,,,,,,,,,,0.23333333333333334,0.06666666666666667
basin,,,,,,,,,0.42250088263318764,,0.44143331045260786,Constrained,,,,,,,,,,,,,0.23333333333333334,0.08333333333333334
basin,,,,,,,,,0.4216537935106177,,0.4424562003283013,Constrained,,,,,,,,,,,,,0.23333333333333334,0.1
basin,,,,,,,,,0.4208093543911896,,0.44347709535521856,Constrained,,,,,,,,,,,,,0.23333333333333334,0.11666666666666667
basin,,,,,,,,,0.41996756068459373,,0.4444959842449747,Constrained,,,,,,,,,,,,,0.23333333333333334,0.13333333333333333
basin,,,,,,,,,0.41912840784256156,,0.44551285586842826,Constrained,,,,,,,,,,,,,0.23333333333333334,0.15000000000000002
basin,,,,,,,,,0.4182918913213364,,0.4465276992638251,Constrained,,,,,,,,,,,,,0.23333333333333334,0.16666666666666669
basin,,,,,,,,,0.4174580063225947,,0.44754050378537635,Constrained,,,,,,,,,,,,,0.23333333333333334,0.18333333333333335
basin,,,,,,,,,0.4166267479865383,,0.4485512589984195,Constrained,,,,,,,,,,,,,0.23333333333333334,0.2
basin,,,,,,,,,0.4157981113806057,,0.44955995468361093,Constrained,,,,,,,,,,,,,0.23333333333333334,0.21666666666666667
basin,,,,,,,,,0.41497209149488595,,0.4505665808386806,Constrained,,,,,,,,,,,,,0.23333333333333334,0.23333333333333334
basin,,,,,,,,,0.4141486832404619,,0.45157112767887003,Constrained,,,,,,,,,,,,,0.23333333333333334,0.25
basin,,,,,,,,,0.41332788144904714,,0.4525735856367031,Constrained,,,,,,,,,,,,,0.23333333333333334,0.26666666666666666
basin,,,,,,,,,0.4125096808735295,,0.453573945361235,Constrained,,,,,,,,,,,,,0.23333333333333334,0.2833333333333333
basin,,,,,,,,,0.41169407618877635,,0.45457219771712576,Constrained,,,,,,,,,,,,,0.23333333333333334,0.3
basin,,,,,,,,,0.41088106199342844,,0.4555683337830881,Constrained,,,,,,,,,,,,,0.23333333333333334,0.31666666666666665
basin,,,,,,,,,0.41007063281143974,,0.4565623448504499,Constrained,,,,,,,,,,,,,0.23333333333333334,0.3333333333333333
basin,,,,,,,,,0.4092627830938922,,0.4575542224215124,Constrained,,,,,,,,,,,,,0.23333333333333334,0.35
basin,,,,,,,,,0.40845750722097207,,0.4585439582077765,Constrained,,,,,,,,,,,,,0.23333333333333334,0.36666666666666664
basin,,,,,,,,,0.4076547995041191,,0.4595315441280263,Constrained,,,,,,,,,,,,,0.23333333333333334,0.3833333333333333
basin,,,,,,,,,0.4068546541883933,,0.46051697230624644,Constrained,,,,,,,,,,,,,0.23333333333333334,0.39999999999999997
basin,,,,,,,,,0.40605706545516684,,0.4615002350693032,Constrained,,,,,,,,,,,,,0.23333333333333334,0.41666666666666663
basin,,,,,,,,,0.4052620272639872,,0.46248132504613976,Constrained,,,,,,,,,,,,,0.23333333333333334,0.4333333333333333
basin,,,,,,,,,0.40446953373853095,,0.4634602349237978,Constrained,,,,,,,,,,,,,0.23333333333333334,0.45
basin,,,,,,,,,0.40367957886843786,,0.46443695763439363,Constrained,,,,,,,,,,,,,0.23333333333333334,0.4666666666666667
basin,,,,,,,,,0.40289215656419464,,0.4654114863199972,Constrained,,,,,,,,,,,,,0.23333333333333334,0.48333333333333334
basin,,,,,,,,,0.402107260675555,,0.46638381432028614,Constrained,,,,,,,,,,,,,0.23333333333333334,0.5
basin,,,,,,,,,0.40132488499326524,,0.4673539351706985,Constrained,,,,,,,,,,,,,0.23333333333333334,0.5166666666666667
basin,,,,,,,,,0.4005450232509378,,0.46832184260046744,Constrained,,,,,,,,,,,,,0.23333333333333334,0.5333333333333333
basin,,,,,,,,,0.39976766912723627,,0.46928753053043654,Constrained,,,,,,,,,,,,,0.23333333333333334,0.55
basin,,,,,,,,,0.42340120992806374,,0.44033779224650477,Constrained,,,,,,,,,,,,,0.25,0.05
basin,,,,,,,,,0.42255373424261256,,0.4413598551701272,Constrained,,,,,,,,,,,,,0.25,0.06666666666666667
basin,,,,,,,,,0.4217089007917335,,0.4423799437412337,Constrained,,,,,,,,,,,,,0.25,0.08333333333333334
basin,,,,,,,,,0.4208667052925231,,0.44339804645529135,Constrained,,,,,,,,,,,,,0.25,0.1
basin,,,,,,,,,0.42002714332434476,,0.4444141520440878,Constrained,,,,,,,,,,,,,0.25,0.11666666666666667
basin,,,,,,,,,0.4191902102831394,,0.4454282495138541,Constrained,,,,,,,,,,,,,0.25,0.13333333333333333
basin,,,,,,,,,0.4183559015017233,,0.44644032808318873,Constrained,,,,,,,,,,,,,0.25,0.15000000000000002
basin,,,,,,,,,0.417524212232004,,0.44745037718980607,Constrained,,,,,,,,,,,,,0.25,0.16666666666666669
basin,,,,,,,,,0.4166951375763953,,0.44845838652782793,Constrained,,,,,,,,,,,,,0.25,0.18333333333333335
basin,,,,,,,,,0.4158686726266763,,0.44946434597271034,Constrained,,,,,,,,,,,,,0.25,0.2
basin,,,,,,,,,0.4150448125059214,,0.45046824555231646,Constrained,,,,,,,,,,,,,0.25,0.21666666666666667
basin,,,,,,,,,0.4142235521204086,,0.4514700755865285,Constrained,,,,,,,,,,,,,0.25,0.23333333333333334
basin,,,,,,,,,0.413404886309527,,0.45246982660468166,Constrained,,,,,,,,,,,,,0.25,0.25
basin,,,,,,,,,0.4125888098410532,,0.4534674893471679,Constrained,,,,,,,,,,,,,0.25,0.26666666666666666
basin,,,,,,,,,0.4117753174092659,,0.4544630547658104,Constrained,,,,,,,,,,,,,0.25,0.2833333333333333
basin,,,,,,,,,0.4109644036350296,,0.45545651402322224,Constrained,,,,,,,,,,,,,0.25,0.3
basin,,,,,,,,,0.4101560630667238,,0.4564478584916952,Constrained,,,,,,,,,,,,,0.25,0.31666666666666665
basin,,,,,,,,,0.40935029018164537,,0.4574370797517971,Constrained,,,,,,,,,,,,,0.25,0.3333333333333333
basin,,,,,,,,,0.4085470793740523,,0.45842416959908344,Constrained,,,,,,,,,,,,,0.25,0.35
basin,,,,,,,,,0.40774642487212676,,0.45940912009445384,Constrained,,,,,,,,,,,,,0.25,0.36666666666666664
basin,,,,,,,,,0.4069483210274508,,0.46039192338691387,Constrained,,,,,,,,,,,,,0.25,0.3833333333333333
basin,,,,,,,,,0.4061527620349099,,0.4613725718832739,Constrained,,,,,,,,,,,,,0.25,0.39999999999999997
basin,,,,,,,,,0.40535974202354624,,0.46235105819240413,Constrained,,,,,,,,,,,,,0.25,0.41666666666666663
basin,,,,,,,,,0.4045692550579869,,0.4633273751236787,Constrained,,,,,,,,,,,,,0.25,0.4333333333333333
basin,,,,,,,,,0.40378129513993216,,0.46430151568535677,Constrained,,,,,,,,,,,,,0.25,0.45
basin,,,,,,,,,0.40299585620964923,,0.46527347308293815,Constrained,,,,,,,,,,,,,0.25,0.4666666666666667
basin,,,,,,,,,0.4022129321475437,,0.466243240717446,Constrained,,,,,,,,,,,,,0.25,0.48333333333333334
basin,,,,,,,,,0.40143251677582453,,0.4672108121836276,Constrained,,,,,,,,,,,,,0.25,0.5
basin,,,,,,,,,0.4006546038603046,,0.4681761812680496,Constrained,,,,,,,,,,,,,0.25,0.5166666666666667
basin,,,,,,,,,0.39987918711241976,,0.4691393419470301,Constrained,,,,,,,,,,,,,0.25,0.5333333333333333
basin,,,,,,,,,0.39910626019145945,,0.4701002883844164,Constrained,,,,,,,,,,,,,0.25,0.55
basin,,,,,,,,,0.42260215631194137,,0.441291776068081,Constrained,,,,,,,,,,,,,0.26666666666666666,0.05
basin,,,,,,,,,0.4217595885716109,,0.4423090578606124,Constrained,,,,,,,,,,,,,0.26666666666666666,0.06666666666666667
basin,,,,,,,,,0.4209196467817865,,0.44332436266940506,Constrained,,,,,,,,,,,,,0.26666666666666666,0.08333333333333334
basin,,,,,,,,,0.4200823264689822,,0.44433767937053315,Constrained,,,,,,,,,,,,,0.26666666666666666,0.1
basin,,,,,,,,,0.41924762289629414,,0.4453489971496909,Constrained,,,,,,,,,,,,,0.26666666666666666,0.11666666666666667
basin,,,,,,,,,0.418415531670718,,0.44635830520393505,Constrained,,,,,,,,,,,,,0.26666666666666666,0.13333333333333333
basin,,,,,,,,,0.4175860480348396,,0.4473655930795276,Constrained,,,,,,,,,,,,,0.26666666666666666,0.15000000000000002
basin,,,,,,,,,0.4167591671474189,,0.44837085054510695,Constrained,,,,,,,,,,,,,0.26666666666666666,0.16666666666666669
basin,,,,,,,,,0.4159348841008774,,0.44937406757944065,Constrained,,,,,,,,,,,,,0.26666666666666666,0.18333333333333335
basin,,,,,,,,,0.41511319391334445,,0.45037523437397936,Constrained,,,,,,,,,,,,,0.26666666666666666,0.2
basin,,,,,,,,,0.414294091526926,,0.45137434133300597,Constrained,,,,,,,,,,,,,0.26666666666666666,0.21666666666666667
basin,,,,,,,,,0.41347757180800804,,0.45237137907286523,Constrained,,,,,,,,,,,,,0.26666666666666666,0.23333333333333334
basin,,,,,,,,,0.41266362954777713,,0.453366338421106,Constrained,,,,,,,,,,,,,0.26666666666666666,0.25
basin,,,,,,,,,0.41185225946268617,,0.454359210415673,Constrained,,,,,,,,,,,,,0.26666666666666666,0.26666666666666666
basin,,,,,,,,,0.4110434561947248,,0.45534998630422224,Constrained,,,,,,,,,,,,,0.26666666666666666,0.2833333333333333
basin,,,,,,,,,0.41023721431262117,,0.4563386575429017,Constrained,,,,,,,,,,,,,0.26666666666666666,0.3
basin,,,,,,,,,0.4094335283128765,,0.45732521579520247,Constrained,,,,,,,,,,,,,0.26666666666666666,0.31666666666666665
basin,,,,,,,,,0.40863239262106044,,0.4583096529306321,Constrained,,,,,,,,,,,,,0.26666666666666666,0.3333333333333333
basin,,,,,,,,,0.4078338015932348,,0.45929196102328473,Constrained,,,,,,,,,,,,,0.26666666666666666,0.35
basin,,,,,,,,,0.40703774951741456,,0.46027213235035425,Constrained,,,,,,,,,,,,,0.26666666666666666,0.36666666666666664
basin,,,,,,,,,0.4062442306150345,,0.4612501593906193,Constrained,,,,,,,,,,,,,0.26666666666666666,0.3833333333333333
basin,,,,,,,,,0.4054532390424528,,0.46222603482287433,Constrained,,,,,,,,,,,,,0.26666666666666666,0.39999999999999997
basin,,,,,,,,,0.40466476889245634,,0.4631997515243353,Constrained,,,,,,,,,,,,,0.26666666666666666,0.41666666666666663
basin,,,,,,,,,0.4038788141957379,,0.46417130256903594,Constrained,,,,,,,,,,,,,0.26666666666666666,0.4333333333333333
basin,,,,,,,,,0.40309536892245956,,0.46514068122614893,Constrained,,,,,,,,,,,,,0.26666666666666666,0.45
basin,,,,,,,,,0.40231442698382164,,0.46610788095827754,Constrained,,,,,,,,,,,,,0.26666666666666666,0.4666666666666667
basin,,,,,,,,,0.40153598223376175,,0.46707289541964764,Constrained,,,,,,,,,,,,,0.26666666666666666,0.48333333333333334
basin,,,,,,,,,0.4007600284707031,,0.4680357184542415,Constrained,,,,,,,,,,,,,0.26666666666666666,0.5
basin,,,,,,,,,0.39998655943945405,,0.4689963440938195,Constrained,,,,,,,,,,,,,0.26666666666666666,0.5166666666666667
basin,,,,,,,,,0.3992155688332712,,0.4699547665558158,Constrained,,,,,,,,,,,,,0.26666666666666666,0.5333333333333333
basin,,,,,,,,,0.3984470502174834,,0.4709109802905498,Constrained,,,,,,,,,,,,,0.26666666666666666,0.55
basin,,,,,,,,,0.4218058639878079,,0.442243533092508,Constrained,,,,,,,,,,,,,0.2833333333333333,0.05
basin,,,,,,,,,0.4209681855255327,,0.4432560346510871,Constrained,,,,,,,,,,,,,0.2833333333333333,0.06666666666666667
basin,,,,,,,,,0.42013311660916886,,0.4442665569878065,Constrained,,,,,,,,,,,,,0.2833333333333333,0.08333333333333334
basin,,,,,,,,,0.41930065266317473,,0.44527508931255094,Constrained,,,,,,,,,,,,,0.2833333333333333,0.1
basin,,,,,,,,,0.4184707890397974,,0.44628162105327013,Constrained,,,,,,,,,,,,,0.2833333333333333,0.11666666666666667
basin,,,,,,,,,0.41764352102181007,,0.44728614184932874,Constrained,,,,,,,,,,,,,0.2833333333333333,0.13333333333333333
basin,,,,,,,,,0.41681884366089855,,0.4482886416317111,Constrained,,,,,,,,,,,,,0.2833333333333333,0.15000000000000002
basin,,,,,,,,,0.41599675222844235,,0.44928911039783687,Constrained,,,,,,,,,,,,,0.2833333333333333,0.16666666666666669
basin,,,,,,,,,0.4151772418108626,,0.4502875384055824,Constrained,,,,,,,,,,,,,0.2833333333333333,0.18333333333333335
basin,,,,,,,,,0.41436030733957085,,0.4512839161657413,Constrained,,,,,,,,,,,,,0.2833333333333333,0.2
basin,,,,,,,,,0.4135459436843287,,0.4522782343935238,Constrained,,,,,,,,,,,,,0.2833333333333333,0.21666666666666667
basin,,,,,,,,,0.41273414564725563,,0.45327048401017783,Constrained,,,,,,,,,,,,,0.2833333333333333,0.23333333333333334
basin,,,,,,,,,0.4119249079602096,,0.45426065614347344,Constrained,,,,,,,,,,,,,0.2833333333333333,0.25
basin,,,,,,,,,0.4111182252836959,,0.45524874212760336,Constrained,,,,,,,,,,,,,0.2833333333333333,0.26666666666666666
basin,,,,,,,,,0.4103140922070717,,0.45623473350245564,Constrained,,,,,,,,,,,,,0.2833333333333333,0.2833333333333333
basin,,,,,,,,,0.40951250324911087,,0.45721862201269964,Constrained,,,,,,,,,,,,,0.2833333333333333,0.3
basin,,,,,,,,,0.40871345285892985,,0.4582003996066619,Constrained,,,,,,,,,,,,,0.2833333333333333,0.31666666666666665
basin,,,,,,,,,0.4079169354172252,,0.45918005843500476,Constrained,,,,,,,,,,,,,0.2833333333333333,0.3333333333333333
basin,,,,,,,,,0.4071229452376034,,0.4601575908493234,Constrained,,,,,,,,,,,,,0.2833333333333333,0.35
basin,,,,,,,,,0.4063314765680027,,0.4611329894006643,Constrained,,,,,,,,,,,,,0.2833333333333333,0.36666666666666664
basin,,,,,,,,,0.4055425235921817,,0.46210624683797397,Constrained,,,,,,,,,,,,,0.2833333333333333,0.3833333333333333
basin,,,,,,,,,0.4047560804312257,,0.4630773561065131,Constrained,,,,,,,,,,,,,0.2833333333333333,0.39999999999999997
basin,,,,,,,,,0.4039721411450564,,0.4640463103462411,Constrained,,,,,,,,,,,,,0.2833333333333333,0.41666666666666663
basin,,,,,,,,,0.40319069973400956,,0.46501310289013603,Constrained,,,,,,,,,,,,,0.2833333333333333,0.4333333333333333
basin,,,,,,,,,0.40241175014045516,,0.4659777272624646,Constrained,,,,,,,,,,,,,0.2833333333333333,0.45
basin,,,,,,,,,0.40163528625042905,,0.4669401771770226,Constrained,,,,,,,,,,,,,0.2833333333333333,0.4666666666666667
basin,,,,,,,,,0.40086130189538804,,0.4679004465352754,Constrained,,,,,,,,,,,,,0.2833333333333333,0.48333333333333334
basin,,,,,,,,,0.40008979073263734,,0.4688585294992793,Constrained,,,,,,,,,,,,,0.2833333333333333,0.5
basin,,,,,,,,,0.3993207465444118,,0.4698144203069757,Constrained,,,,,,,,,,,,,0.2833333333333333,0.5166666666666667
basin,,,,,,,,,0.39855416301090907,,0.4707681134105254,Constrained,,,,,,,,,,,,,0.2833333333333333,0.5333333333333333
basin,,,,,,,,,0.3977900337429213,,0.4717196034556373,Constrained,,,,,,,,,,,,,0.2833333333333333,0.55
basin,,,,,,,,,0.4210123288792866,,0.4431930527074134,Constrained,,,,,,,,,,,,,0.3,0.05
basin,,,,,,,,,0.42017952122377983,,0.4442007751565342,Constrained,,,,,,,,,,,,,0.3,0.06666666666666667
basin,,,,,,,,,0.41934930645763113,,0.44520651656934773,Constrained,,,,,,,,,,,,,0.3,0.08333333333333334
basin,,,,,,,,,0.41852168004206924,,0.44621026644178896,Constrained,,,,,,,,,,,,,0.3,0.1
basin,,,,,,,,,0.4176966373543937,,0.4472120144759153,Constrained,,,,,,,,,,,,,0.3,0.11666666666666667
basin,,,,,,,,,0.4168741735757948,,0.4482117506405291,Constrained,,,,,,,,,,,,,0.3,0.13333333333333333
basin,,,,,,,,,0.41605428382988063,,0.4492094651089895,Constrained,,,,,,,,,,,,,0.3,0.15000000000000002
basin,,,,,,,,,0.41523696316782,,0.45020514826365104,Constrained,,,,,,,,,,,,,0.3,0.16666666666666669
basin,,,,,,,,,0.4144222065640102,,0.45119879069705254,Constrained,,,,,,,,,,,,,0.3,0.18333333333333335
basin,,,,,,,,,0.4136100088910847,,0.45219038322444716,Constrained,,,,,,,,,,,,,0.3,0.2
basin,,,,,,,,,0.41280036488983274,,0.45317991690059184,Constrained,,,,,,,,,,,,,0.3,0.21666666666666667
basin,,,,,,,,,0.41199326947533044,,0.4541673828547582,Constrained,,,,,,,,,,,,,0.3,0.23333333333333334
basin,,,,,,,,,0.41118871730880974,,0.455152772516108,Constrained,,,,,,,,,,,,,0.3,0.25
basin,,,,,,,,,0.41038670298964086,,0.4561360775136179,Constrained,,,,,,,,,,,,,0.3,0.26666666666666666
basin,,,,,,,,,0.4095872210525221,,0.4571172896765398,Constrained,,,,,,,,,,,,,0.3,0.2833333333333333
basin,,,,,,,,,0.4087902659664068,,0.4580964010341561,Constrained,,,,,,,,,,,,,0.3,0.3
basin,,,,,,,,,0.40799583213442236,,0.45907340381509215,Constrained,,,,,,,,,,,,,0.3,0.31666666666666665
basin,,,,,,,,,0.4072039138945168,,0.46004829044625317,Constrained,,,,,,,,,,,,,0.3,0.3333333333333333
basin,,,,,,,,,0.4064145055205103,,0.4610210535515338,Constrained,,,,,,,,,,,,,0.3,0.35
basin,,,,,,,,,0.40562760122329644,,0.46199168595042783,Constrained,,,,,,,,,,,,,0.3,0.36666666666666664
basin,,,,,,,,,0.40484319515225914,,0.462960180656494,Constrained,,,,,,,,,,,,,0.3,0.3833333333333333
basin,,,,,,,,,0.4040612813961274,,0.46392653087613267,Constrained,,,,,,,,,,,,,0.3,0.39999999999999997
basin,,,,,,,,,0.4032818538783739,,0.4648907300702324,Constrained,,,,,,,,,,,,,0.3,0.41666666666666663
basin,,,,,,,,,0.4025049066509766,,0.4658527717789009,Constrained,,,,,,,,,,,,,0.3,0.4333333333333333
basin,,,,,,,,,0.40173043362399163,,0.466812649780815,Constrained,,,,,,,,,,,,,0.3,0.45
basin,,,,,,,,,0.40095842865159115,,0.46777035804165135,Constrained,,,,,,,,,,,,,0.3,0.4666666666666667
basin,,,,,,,,,0.4001888855333242,,0.4687258907125288,Constrained,,,,,,,,,,,,,0.3,0.48333333333333334
basin,,,,,,,,,0.39942179801542743,,0.4696792421284036,Constrained,,,,,,,,,,,,,0.3,0.5
basin,,,,,,,,,0.39865715979209015,,0.47063040680647356,Constrained,,,,,,,,,,,,,0.3,0.5166666666666667
basin,,,,,,,,,0.39789496450671324,,0.4715793794445693,Constrained,,,,,,,,,,,,,0.3,0.5333333333333333
basin,,,,,,,,,0.3971352057532095,,0.4725261549195015,Constrained,,,,,,,,,,,,,0.3,0.55
basin,,,,,,,,,0.42022154715860005,,0.4441403244063254,Constrained,,,,,,,,,,,,,0.31666666666666665,0.05
basin,,,,,,,,,0.41939359139037735,,0.4451432693570336,Constrained,,,,,,,,,,,,,0.31666666666666665,0.06666666666666667
basin,,,,,,,,,0.41856821207921746,,0.4461442316871004,Constrained,,,,,,,,,,,,,0.31666666666666665,0.08333333333333334
basin,,,,,,,,,0.4177454045346206,,0.4471432012401817,Constrained,,,,,,,,,,,,,0.31666666666666665,0.1
basin,,,,,,,,,0.41692516383680844,,0.4481401681404536,Constrained,,,,,,,,,,,,,0.31666666666666665,0.11666666666666667
basin,,,,,,,,,0.41610748531773095,,0.4491351225753564,Constrained,,,,,,,,,,,,,0.31666666666666665,0.13333333333333333
basin,,,,,,,,,0.41529236406537123,,0.45012805501028613,Constrained,,,,,,,,,,,,,0.31666666666666665,0.15000000000000002
basin,,,,,,,,,0.41447979504681387,,0.45111895614165226,Constrained,,,,,,,,,,,,,0.31666666666666665,0.16666666666666669
basin,,,,,,,,,0.4136697731679302,,0.45210781686759655,Constrained,,,,,,,,,,,,,0.31666666666666665,0.18333333333333335
basin,,,,,,,,,0.41286229326665524,,0.4530946282895769,Constrained,,,,,,,,,,,,,0.31666666666666665,0.2
basin,,,,,,,,,0.4120573501110447,,0.4540793817123562,Constrained,,,,,,,,,,,,,0.31666666666666665,0.21666666666666667
basin,,,,,,,,,0.4112549383994524,,0.45506206864314985,Constrained,,,,,,,,,,,,,0.31666666666666665,0.23333333333333334
basin,,,,,,,,,0.41045505276119687,,0.456042680790583,Constrained,,,,,,,,,,,,,0.31666666666666665,0.25
basin,,,,,,,,,0.409657687757633,,0.45702121006344476,Constrained,,,,,,,,,,,,,0.31666666666666665,0.26666666666666666
basin,,,,,,,,,0.4088628378829742,,0.4579976485695767,Constrained,,,,,,,,,,,,,0.31666666666666665,0.2833333333333333
basin,,,,,,,,,0.4080704975650958,,0.45897198861477256,Constrained,,,,,,,,,,,,,0.31666666666666665,0.3
basin,,,,,,,,,0.40728066116650524,,0.45994422270158025,Constrained,,,,,,,,,,,,,0.31666666666666665,0.31666666666666665
basin,,,,,,,,,0.40649332298546526,,0.46091434352800253,Constrained,,,,,,,,,,,,,0.31666666666666665,0.3333333333333333
basin,,,,,,,,,0.40570847725718123,,0.4618823439861424,Constrained,,,,,,,,,,,,,0.31666666666666665,0.35
basin,,,,,,,,,0.40492611815497975,,0.4628482171608329,Constrained,,,,,,,,,,,,,0.31666666666666665,0.36666666666666664
basin,,,,,,,,,0.40414623979172437,,0.46381195632810573,Constrained,,,,,,,,,,,,,0.31666666666666665,0.3833333333333333
basin,,,,,,,,,0.40336883622108427,,0.46477355495372213,Constrained,,,,,,,,,,,,,0.31666666666666665,0.39999999999999997
basin,,,,,,,,,0.40259390143887336,,0.4657330066916407,Constrained,,,,,,,,,,,,,0.31666666666666665,0.41666666666666663
basin,,,,,,,,,0.4018214293843528,,0.466690305382484,Constrained,,,,,,,,,,,,,0.31666666666666665,0.4333333333333333
basin,,,,,,,,,0.40105141394154065,,0.46764544505198197,Constrained,,,,,,,,,,,,,0.31666666666666665,0.45
basin,,,,,,,,,0.40028384894048263,,0.4685984199094175,Constrained,,,,,,,,,,,,,0.31666666666666665,0.4666666666666667
basin,,,,,,,,,0.3995187281585559,,0.46954922434603485,Constrained,,,,,,,,,,,,,0.31666666666666665,0.48333333333333334
basin,,,,,,,,,0.3987560453217486,,0.4704978529334435,Constrained,,,,,,,,,,,,,0.31666666666666665,0.5
basin,,,,,,,,,0.39799579410594593,,0.4714443004220016,Constrained,,,,,,,,,,,,,0.31666666666666665,0.5166666666666667
basin,,,,,,,,,0.3972379681382025,,0.472388561739189,Constrained,,,,,,,,,,,,,0.31666666666666665,0.5333333333333333
basin,,,,,,,,,0.39648256099805806,,0.4733306319879405,Constrained,,,,,,,,,,,,,0.31666666666666665,0.55
basin,,,,,,,,,0.4194335147997791,,0.4450853379795332,Constrained,,,,,,,,,,,,,0.3333333333333333,0.05
basin,,,,,,,,,0.41861039200795647,,0.4460835073301155,Constrained,,,,,,,,,,,,,0.3333333333333333,0.06666666666666667
basin,,,,,,,,,0.4177898291468508,,0.4470796928385905,Constrained,,,,,,,,,,,,,0.3333333333333333,0.08333333333333334
basin,,,,,,,,,0.4169718214207379,,0.44807388467374853,Constrained,,,,,,,,,,,,,0.3333333333333333,0.1
basin,,,,,,,,,0.41615636398556943,,0.4490660732037982,Constrained,,,,,,,,,,,,,0.3333333333333333,0.11666666666666667
basin,,,,,,,,,0.41534345192811406,,0.45005624900147867,Constrained,,,,,,,,,,,,,0.3333333333333333,0.13333333333333333
basin,,,,,,,,,0.4145330801594845,,0.4510444028934568,Constrained,,,,,,,,,,,,,0.3333333333333333,0.15000000000000002
basin,,,,,,,,,0.41372524365931307,,0.4520305258468799,Constrained,,,,,,,,,,,,,0.3333333333333333,0.16666666666666669
basin,,,,,,,,,0.41291993739911653,,0.45301460899687496,Constrained,,,,,,,,,,,,,0.3333333333333333,0.18333333333333335
basin,,,,,,,,,0.4121171561410548,,0.45399664374677695,Constrained,,,,,,,,,,,,,0.3333333333333333,0.2
basin,,,,,,,,,0.4113168945892977,,0.45497662169623143,Constrained,,,,,,,,,,,,,0.3333333333333333,0.21666666666666667
basin,,,,,,,,,0.41051914738568274,,0.45595453464186425,Constrained,,,,,,,,,,,,,0.3333333333333333,0.23333333333333334
basin,,,,,,,,,0.409723909107956,,0.4569303745771313,Constrained,,,,,,,,,,,,,0.3333333333333333,0.25
basin,,,,,,,,,0.4089311742693167,,0.45790413369171246,Constrained,,,,,,,,,,,,,0.3333333333333333,0.26666666666666666
basin,,,,,,,,,0.40814093731858503,,0.45887580437066505,Constrained,,,,,,,,,,,,,0.3333333333333333,0.2833333333333333
basin,,,,,,,,,0.4073531926407986,,0.45984537919338564,Constrained,,,,,,,,,,,,,0.3333333333333333,0.3
basin,,,,,,,,,0.406567934558064,,0.46081285093243773,Constrained,,,,,,,,,,,,,0.3333333333333333,0.31666666666666665
basin,,,,,,,,,0.40578515733049825,,0.46177821255232265,Constrained,,,,,,,,,,,,,0.3333333333333333,0.3333333333333333
basin,,,,,,,,,0.4050048551573321,,0.46274145720815135,Constrained,,,,,,,,,,,,,0.3333333333333333,0.35
basin,,,,,,,,,0.40422702217816325,,0.4637025782442086,Constrained,,,,,,,,,,,,,0.3333333333333333,0.36666666666666664
basin,,,,,,,,,0.40345165247418513,,0.4646615691925125,Constrained,,,,,,,,,,,,,0.3333333333333333,0.3833333333333333
basin,,,,,,,,,0.4026787400694574,,0.4656184237713296,Constrained,,,,,,,,,,,,,0.3333333333333333,0.39999999999999997
basin,,,,,,,,,0.40190827893219183,,0.46657313588366,Constrained,,,,,,,,,,,,,0.3333333333333333,0.41666666666666663
basin,,,,,,,,,0.40114026297604594,,0.4675256996156976,Constrained,,,,,,,,,,,,,0.3333333333333333,0.4333333333333333
basin,,,,,,,,,0.40037468606139953,,0.46847610923528205,Constrained,,,,,,,,,,,,,0.3333333333333333,0.45
basin,,,,,,,,,0.39961154199664817,,0.46942435919032044,Constrained,,,,,,,,,,,,,0.3333333333333333,0.4666666666666667
basin,,,,,,,,,0.3988508245394906,,0.47037044410719636,Constrained,,,,,,,,,,,,,0.3333333333333333,0.48333333333333334
basin,,,,,,,,,0.39809252739821005,,0.4713143587891642,Constrained,,,,,,,,,,,,,0.3333333333333333,0.5
basin,,,,,,,,,0.39733664423295934,,0.47225609821472325,Constrained,,,,,,,,,,,,,0.3333333333333333,0.5166666666666667
basin,,,,,,,,,0.39658316865707105,,0.47319565753596365,Constrained,,,,,,,,,,,,,0.3333333333333333,0.5333333333333333
basin,,,,,,,,,0.39583209423836413,,0.47413303207689544,Constrained,,,,,,,,,,,,,0.3333333333333333,0.55
basin,,,,,,,,,0.4186482274425326,,0.4460280835569095,Constrained,,,,,,,,,,,,,0.35,0.05
basin,,,,,,,,,0.41782991888516996,,0.4470214794379018,Constrained,,,,,,,,,,,,,0.35,0.06666666666666667
basin,,,,,,,,,0.4170141534344151,,0.44801289068397215,Constrained,,,,,,,,,,,,,0.35,0.08333333333333334
basin,,,,,,,,,0.4162009264968642,,0.44900230767060995,Constrained,,,,,,,,,,,,,0.35,0.1
basin,,,,,,,,,0.4153902331373075,,0.4499897210787751,Constrained,,,,,,,,,,,,,0.35,0.11666666666666667
basin,,,,,,,,,0.4145820683640245,,0.4509751217893058,Constrained,,,,,,,,,,,,,0.35,0.13333333333333333
basin,,,,,,,,,0.41377642712379414,,0.4519585008818132,Constrained,,,,,,,,,,,,,0.35,0.15000000000000002
basin,,,,,,,,,0.4129733042943171,,0.4529398496364994,Constrained,,,,,,,,,,,,,0.35,0.16666666666666669
basin,,,,,,,,,0.4121726946822841,,0.45391915953419487,Constrained,,,,,,,,,,,,,0.35,0.18333333333333335
basin,,,,,,,,,0.41137459299799106,,0.4548964222683702,Constrained,,,,,,,,,,,,,0.35,0.2
basin,,,,,,,,,0.41057899381385476,,0.45587162976689893,Constrained,,,,,,,,,,,,,0.35,0.21666666666666667
basin,,,,,,,,,0.4097858919034233,,0.45684477401843004,Constrained,,,,,,,,,,,,,0.35,0.23333333333333334
basin,,,,,,,,,0.40899528178394007,,0.4578158473010543,Constrained,,,,,,,,,,,,,0.35,0.25
basin,,,,,,,,,0.4082071579156087,,0.45878484208357245,Constrained,,,,,,,,,,,,,0.35,0.26666666666666666
basin,,,,,,,,,0.4074215146998367,,0.4597517510253058,Constrained,,,,,,,,,,,,,0.35,0.2833333333333333
basin,,,,,,,,,0.4066383464785206,,0.46071656697554875,Constrained,,,,,,,,,,,,,0.35,0.3
basin,,,,,,,,,0.40585764753401177,,0.46167928297275734,Constrained,,,,,,,,,,,,,0.35,0.31666666666666665
basin,,,,,,,,,0.40507941208963827,,0.46263989224347557,Constrained,,,,,,,,,,,,,0.35,0.3333333333333333
basin,,,,,,,,,0.4043036343105023,,0.4635983882011249,Constrained,,,,,,,,,,,,,0.35,0.35
basin,,,,,,,,,0.40353030830445236,,0.46455476444469446,Constrained,,,,,,,,,,,,,0.35,0.36666666666666664
basin,,,,,,,,,0.4027594281231922,,0.46550901475734174,Constrained,,,,,,,,,,,,,0.35,0.3833333333333333
basin,,,,,,,,,0.4019909877634601,,0.4664611331049419,Constrained,,,,,,,,,,,,,0.35,0.39999999999999997
basin,,,,,,,,,0.40122498116824173,,0.467411113634598,Constrained,,,,,,,,,,,,,0.35,0.41666666666666663
basin,,,,,,,,,0.40046140222803606,,0.4683589506731056,Constrained,,,,,,,,,,,,,0.35,0.4333333333333333
basin,,,,,,,,,0.39970024478211325,,0.46930463872540223,Constrained,,,,,,,,,,,,,0.35,0.45
basin,,,,,,,,,0.39894150261977135,,0.47024817247300227,Constrained,,,,,,,,,,,,,0.35,0.4666666666666667
basin,,,,,,,,,0.3981851694816211,,0.471189546772396,Constrained,,,,,,,,,,,,,0.35,0.48333333333333334
basin,,,,,,,,,0.3974312390608584,,0.4721287566534427,Constrained,,,,,,,,,,,,,0.35,0.5
basin,,,,,,,,,0.39667970492357957,,0.4730657973658696,Constrained,,,,,,,,,,,,,0.35,0.5166666666666667
basin,,,,,,,,,0.3959305607164498,,0.4740006642554028,Constrained,,,,,,,,,,,,,0.35,0.5333333333333333
basin,,,,,,,,,0.39518380000714015,,0.47493335285696553,Constrained,,,,,,,,,,,,,0.35,0.55
basin,,,,,,,,,0.41786568074489105,,0.44696855146860986,Constrained,,,,,,,,,,,,,0.36666666666666664,0.05
basin,,,,,,,,,0.4170521672984143,,0.4479571764556892,Constrained,,,,,,,,,,,,,0.36666666666666664,0.06666666666666667
basin,,,,,,,,,0.4162411804717731,,0.448943816191345,Constrained,,,,,,,,,,,,,0.36666666666666664,0.08333333333333334
basin,,,,,,,,,0.41543271531941645,,0.4499284614681549,Constrained,,,,,,,,,,,,,0.36666666666666664,0.1
basin,,,,,,,,,0.41462676687296035,,0.4509111032632916,Constrained,,,,,,,,,,,,,0.36666666666666664,0.11666666666666667
basin,,,,,,,,,0.413823330237317,,0.45189173268868044,Constrained,,,,,,,,,,,,,0.36666666666666664,0.13333333333333333
basin,,,,,,,,,0.413022400278248,,0.4528703411259673,Constrained,,,,,,,,,,,,,0.36666666666666664,0.15000000000000002
basin,,,,,,,,,0.4122239718079891,,0.45384692014974,Constrained,,,,,,,,,,,,,0.36666666666666664,0.16666666666666669
basin,,,,,,,,,0.4114280395769363,,0.45482146152927716,Constrained,,,,,,,,,,,,,0.36666666666666664,0.18333333333333335
basin,,,,,,,,,0.4106345982706693,,0.45579395722874516,Constrained,,,,,,,,,,,,,0.36666666666666664,0.2
basin,,,,,,,,,0.4098436425094375,,0.45676439940656294,Constrained,,,,,,,,,,,,,0.36666666666666664,0.21666666666666667
basin,,,,,,,,,0.4090551668487772,,0.4577327804143209,Constrained,,,,,,,,,,,,,0.36666666666666664,0.23333333333333334
basin,,,,,,,,,0.40826916578073613,,0.4586990927954181,Constrained,,,,,,,,,,,,,0.36666666666666664,0.25
basin,,,,,,,,,0.4074856337351378,,0.45966332928366993,Constrained,,,,,,,,,,,,,0.36666666666666664,0.26666666666666666
basin,,,,,,,,,0.4067045650807071,,0.46062548280197546,Constrained,,,,,,,,,,,,,0.36666666666666664,0.2833333333333333
basin,,,,,,,,,0.40592595412607846,,0.46158554646103783,Constrained,,,,,,,,,,,,,0.36666666666666664,0.3
basin,,,,,,,,,0.4051497951209594,,0.46254351355799433,Constrained,,,,,,,,,,,,,0.36666666666666664,0.31666666666666665
basin,,,,,,,,,0.4043760822571171,,0.4634993775751272,Constrained,,,,,,,,,,,,,0.36666666666666664,0.3333333333333333
basin,,,,,,,,,0.4036048096694307,,0.46445313217852885,Constrained,,,,,,,,,,,,,0.36666666666666664,0.35
basin,,,,,,,,,0.4028359714370051,,0.4654047712167172,Constrained,,,,,,,,,,,,,0.36666666666666664,0.36666666666666664
basin,,,,,,,,,0.4020695615843259,,0.4663542887192142,Constrained,,,,,,,,,,,,,0.36666666666666664,0.3833333333333333
basin,,,,,,,,,0.4013055740824562,,0.46730167889507973,Constrained,,,,,,,,,,,,,0.36666666666666664,0.39999999999999997
basin,,,,,,,,,0.4005440028501984,,0.468246936131451,Constrained,,,,,,,,,,,,,0.36666666666666664,0.41666666666666663
basin,,,,,,,,,0.399784841755329,,0.46919005499202043,Constrained,,,,,,,,,,,,,0.36666666666666664,0.4333333333333333
basin,,,,,,,,,0.3990280846157932,,0.4701310302155202,Constrained,,,,,,,,,,,,,0.36666666666666664,0.45
basin,,,,,,,,,0.39827372520088816,,0.4710698567141965,Constrained,,,,,,,,,,,,,0.36666666666666664,0.4666666666666667
basin,,,,,,,,,0.3975217572324464,,0.4720065295722673,Constrained,,,,,,,,,,,,,0.36666666666666664,0.48333333333333334
basin,,,,,,,,,0.3967721743860026,,0.4729410440443763,Constrained,,,,,,,,,,,,,0.36666666666666664,0.5
basin,,,,,,,,,0.3960249702919467,,0.47387339555403746,Constrained,,,,,,,,,,,,,0.36666666666666664,0.5166666666666667
basin,,,,,,,,,0.3952801385366581,,0.4748035796920793,Constrained,,,,,,,,,,,,,0.36666666666666664,0.5333333333333333
basin,,,,,,,,,0.394537672663653,,0.4757315922150671,Constrained,,,,,,,,,,,,,0.36666666666666664,0.55
basin,,,,,,,,,0.41708587031109545,,0.44790673228038824,Constrained,,,,,,,,,,,,,0.3833333333333333,0.05
basin,,,,,,,,,0.4162771328858984,,0.4488905892228241,Constrained,,,,,,,,,,,,,0.3833333333333333,0.06666666666666667
basin,,,,,,,,,0.4154709054221052,,0.4498724606744148,Constrained,,,,,,,,,,,,,0.3833333333333333,0.08333333333333334
basin,,,,,,,,,0.41466718296768024,,0.45085233770251365,Constrained,,,,,,,,,,,,,0.3833333333333333,0.1
basin,,,,,,,,,0.4138659605078765,,0.4518302115704252,Constrained,,,,,,,,,,,,,0.3833333333333333,0.11666666666666667
basin,,,,,,,,,0.4130672329097234,,0.4528060737602867,Constrained,,,,,,,,,,,,,0.3833333333333333,0.13333333333333333
basin,,,,,,,,,0.41227099495986197,,0.45377991595847306,Constrained,,,,,,,,,,,,,0.3833333333333333,0.15000000000000002
basin,,,,,,,,,0.4114772415964684,,0.45475172994631485,Constrained,,,,,,,,,,,,,0.3833333333333333,0.16666666666666669
basin,,,,,,,,,0.4106859675019716,,0.45572150778159937,Constrained,,,,,,,,,,,,,0.3833333333333333,0.18333333333333335
basin,,,,,,,,,0.40989716730439185,,0.4566892417108982,Constrained,,,,,,,,,,,,,0.3833333333333333,0.2
basin,,,,,,,,,0.40911083557343375,,0.4576549241698894,Constrained,,,,,,,,,,,,,0.3833333333333333,0.21666666666666667
basin,,,,,,,,,0.40832696681899194,,0.45861854778296574,Constrained,,,,,,,,,,,,,0.3833333333333333,0.23333333333333334
basin,,,,,,,,,0.4075455554908812,,0.4595801053624435,Constrained,,,,,,,,,,,,,0.3833333333333333,0.25
basin,,,,,,,,,0.40676659597929454,,0.46053958990749294,Constrained,,,,,,,,,,,,,0.3833333333333333,0.26666666666666666
basin,,,,,,,,,0.40599008261548386,,0.46149699460299354,Constrained,,,,,,,,,,,,,0.3833333333333333,0.2833333333333333
basin,,,,,,,,,0.405216009672811,,0.46245231281820476,Constrained,,,,,,,,,,,,,0.3833333333333333,0.3
basin,,,,,,,,,0.40444437136767486,,0.4634055381054966,Constrained,,,,,,,,,,,,,0.3833333333333333,0.31666666666666665
basin,,,,,,,,,0.4036751618605246,,0.4643566641990295,Constrained,,,,,,,,,,,,,0.3833333333333333,0.3333333333333333
basin,,,,,,,,,0.4029083752569158,,0.46530568501339886,Constrained,,,,,,,,,,,,,0.3833333333333333,0.35
basin,,,,,,,,,0.4021440056086012,,0.46625259464224933,Constrained,,,,,,,,,,,,,0.3833333333333333,0.36666666666666664
basin,,,,,,,,,0.40138204691465657,,0.46719738735685296,Constrained,,,,,,,,,,,,,0.3833333333333333,0.3833333333333333
basin,,,,,,,,,0.4006224931225963,,0.46814005760467914,Constrained,,,,,,,,,,,,,0.3833333333333333,0.39999999999999997
basin,,,,,,,,,0.3998653381295685,,0.46908060000790325,Constrained,,,,,,,,,,,,,0.3833333333333333,0.41666666666666663
basin,,,,,,,,,0.39911057578350634,,0.470019009361923,Constrained,,,,,,,,,,,,,0.3833333333333333,0.4333333333333333
basin,,,,,,,,,0.3983581998842929,,0.4709552806338527,Constrained,,,,,,,,,,,,,0.3833333333333333,0.45
basin,,,,,,,,,0.39760820418492077,,0.47188940896100434,Constrained,,,,,,,,,,,,,0.3833333333333333,0.4666666666666667
basin,,,,,,,,,0.39686058239264543,,0.4728213896493565,Constrained,,,,,,,,,,,,,0.3833333333333333,0.48333333333333334
basin,,,,,,,,,0.39611532817013306,,0.47375121817201404,Constrained,,,,,,,,,,,,,0.3833333333333333,0.5
basin,,,,,,,,,0.39537243513657855,,0.47467889016766984,Constrained,,,,,,,,,,,,,0.3833333333333333,0.5166666666666667
basin,,,,,,,,,0.3946318968688438,,0.47560440143904165,Constrained,,,,,,,,,,,,,0.3833333333333333,0.5333333333333333
basin,,,,,,,,,0.39389370690257425,,0.47652774795131025,Constrained,,,,,,,,,,,,,0.3833333333333333,0.55
basin,,,,,,,,,0.4163087916404341,,0.448842616810493,Constrained,,,,,,,,,,,,,0.39999999999999997,0.05
basin,,,,,,,,,0.4155048110256794,,0.4498217088884241,Constrained,,,,,,,,,,,,,0.39999999999999997,0.06666666666666667
basin,,,,,,,,,0.41470332373100116,,0.45079881553532847,Constrained,,,,,,,,,,,,,0.39999999999999997,0.08333333333333334
basin,,,,,,,,,0.4139043247111419,,0.45177392812208184,Constrained,,,,,,,,,,,,,0.39999999999999997,0.1
basin,,,,,,,,,0.4131078088822993,,0.4527470382064105,Constrained,,,,,,,,,,,,,0.39999999999999997,0.11666666666666667
basin,,,,,,,,,0.41231377110283507,,0.45371813753707585,Constrained,,,,,,,,,,,,,0.39999999999999997,0.13333333333333333
basin,,,,,,,,,0.4115222061666105,,0.4546872180551314,Constrained,,,,,,,,,,,,,0.39999999999999997,0.15000000000000002
basin,,,,,,,,,0.4107331088013573,,0.45565427189371804,Constrained,,,,,,,,,,,,,0.39999999999999997,0.16666666666666669
basin,,,,,,,,,0.4099464735786009,,0.45661929141971813,Constrained,,,,,,,,,,,,,0.39999999999999997,0.18333333333333335
basin,,,,,,,,,0.40916229514269176,,0.45758226912755456,Constrained,,,,,,,,,,,,,0.39999999999999997,0.2
basin,,,,,,,,,0.4083805681140244,,0.4585431976787175,Constrained,,,,,,,,,,,,,0.39999999999999997,0.21666666666666667
basin,,,,,,,,,0.40760128695074804,,0.45950206996882514,Constrained,,,,,,,,,,,,,0.39999999999999997,0.23333333333333334
basin,,,,,,,,,0.4068244460570042,,0.4604588790766269,Constrained,,,,,,,,,,,,,0.39999999999999997,0.25
basin,,,,,,,,,0.40605003978188614,,0.46141361826342175,Constrained,,,,,,,,,,,,,0.39999999999999997,0.26666666666666666
basin,,,,,,,,,0.4052780624192668,,0.4623662809721852,Constrained,,,,,,,,,,,,,0.39999999999999997,0.2833333333333333
basin,,,,,,,,,0.4045085082080383,,0.4633168608265615,Constrained,,,,,,,,,,,,,0.39999999999999997,0.3
basin,,,,,,,,,0.40374137133267707,,0.4642653516297259,Constrained,,,,,,,,,,,,,0.39999999999999997,0.31666666666666665
basin,,,,,,,,,0.4029766459240206,,0.46521174736314785,Constrained,,,,,,,,,,,,,0.39999999999999997,0.3333333333333333
basin,,,,,,,,,0.40221432606016827,,0.4661560421852935,Constrained,,,,,,,,,,,,,0.39999999999999997,0.35
basin,,,,,,,,,0.4014544057674506,,0.46709823043028176,Constrained,,,,,,,,,,,,,0.39999999999999997,0.36666666666666664
basin,,,,,,,,,0.4006968790214804,,0.46803830660648993,Constrained,,,,,,,,,,,,,0.39999999999999997,0.3833333333333333
basin,,,,,,,,,0.3999417397482441,,0.4689762653951217,Constrained,,,,,,,,,,,,,0.39999999999999997,0.39999999999999997
basin,,,,,,,,,0.39918898182520396,,0.46991210164875824,Constrained,,,,,,,,,,,,,0.39999999999999997,0.41666666666666663
basin,,,,,,,,,0.39843859908242296,,0.4708458103898795,Constrained,,,,,,,,,,,,,0.39999999999999997,0.4333333333333333
basin,,,,,,,,,0.39769058530369183,,0.4717773868093729,Constrained,,,,,,,,,,,,,0.39999999999999997,0.45
basin,,,,,,,,,0.396944934227659,,0.47270682626502414,Constrained,,,,,,,,,,,,,0.39999999999999997,0.4666666666666667
basin,,,,,,,,,0.39620163954895515,,0.47363412427999846,Constrained,,,,,,,,,,,,,0.39999999999999997,0.48333333333333334
basin,,,,,,,,,0.39546069491931346,,0.47455927654131064,Constrained,,,,,,,,,,,,,0.39999999999999997,0.5
basin,,,,,,,,,0.3947220939486796,,0.47548227889828787,Constrained,,,,,,,,,,,,,0.39999999999999997,0.5166666666666667
basin,,,,,,,,,0.3939858302063256,,0.4764031273610179,Constrained,,,,,,,,,,,,,0.39999999999999997,0.5333333333333333
basin,,,,,,,,,0.39325189722194764,,0.47732181809879526,Constrained,,,,,,,,,,,,,0.39999999999999997,0.55
basin,,,,,,,,,0.4155344397801994,,0.44977619624662946,Constrained,,,,,,,,,,,,,0.41666666666666663,0.05
basin,,,,,,,,,0.41473519699729927,,0.45075052684657835,Constrained,,,,,,,,,,,,,0.41666666666666663,0.06666666666666667
basin,,,,,,,,,0.4139384306292376,,0.45172287246571124,Constrained,,,,,,,,,,,,,0.41666666666666663,0.08333333333333334
basin,,,,,,,,,0.41314413575003894,,0.45269322470359646,Constrained,,,,,,,,,,,,,0.41666666666666663,0.1
basin,,,,,,,,,0.41235230726492844,,0.4536615753853114,Constrained,,,,,,,,,,,,,0.41666666666666663,0.11666666666666667
basin,,,,,,,,,0.4115629399650305,,0.45462791654672086,Constrained,,,,,,,,,,,,,0.41666666666666663,0.13333333333333333
basin,,,,,,,,,0.41077602858856627,,0.45559224040976265,Constrained,,,,,,,,,,,,,0.41666666666666663,0.15000000000000002
basin,,,,,,,,,0.4099915678143415,,0.45655453938357077,Constrained,,,,,,,,,,,,,0.41666666666666663,0.16666666666666669
basin,,,,,,,,,0.4092095522597841,,0.457514806064269,Constrained,,,,,,,,,,,,,0.41666666666666663,0.18333333333333335
basin,,,,,,,,,0.4084299764807996,,0.4584730332341749,Constrained,,,,,,,,,,,,,0.41666666666666663,0.2
basin,,,,,,,,,0.40765283497259347,,0.45942921386062613,Constrained,,,,,,,,,,,,,0.41666666666666663,0.21666666666666667
basin,,,,,,,,,0.4068781221707954,,0.46038334109466916,Constrained,,,,,,,,,,,,,0.41666666666666663,0.23333333333333334
basin,,,,,,,,,0.40610583238511,,0.4613354083034653,Constrained,,,,,,,,,,,,,0.41666666666666663,0.25
basin,,,,,,,,,0.4053359599728519,,0.4622854089839847,Constrained,,,,,,,,,,,,,0.41666666666666663,0.26666666666666666
basin,,,,,,,,,0.40456849925968275,,0.4632333367990624,Constrained,,,,,,,,,,,,,0.41666666666666663,0.2833333333333333
basin,,,,,,,,,0.40380344444796556,,0.46417918562373744,Constrained,,,,,,,,,,,,,0.41666666666666663,0.3
basin,,,,,,,,,0.4030407896894085,,0.46512294950853095,Constrained,,,,,,,,,,,,,0.41666666666666663,0.31666666666666665
basin,,,,,,,,,0.4022805290852607,,0.4660646226784161,Constrained,,,,,,,,,,,,,0.41666666666666663,0.3333333333333333
basin,,,,,,,,,0.40152265668681886,,0.4670041995316636,Constrained,,,,,,,,,,,,,0.41666666666666663,0.35
basin,,,,,,,,,0.40076716649607014,,0.4679416746386259,Constrained,,,,,,,,,,,,,0.41666666666666663,0.36666666666666664
basin,,,,,,,,,0.4000140524665413,,0.46887704274042036,Constrained,,,,,,,,,,,,,0.41666666666666663,0.3833333333333333
basin,,,,,,,,,0.3992633085042281,,0.46981029874756264,Constrained,,,,,,,,,,,,,0.41666666666666663,0.39999999999999997
basin,,,,,,,,,0.3985149284685898,,0.47074143773855937,Constrained,,,,,,,,,,,,,0.41666666666666663,0.41666666666666663
basin,,,,,,,,,0.3977689061735854,,0.47167045495846777,Constrained,,,,,,,,,,,,,0.41666666666666663,0.4333333333333333
basin,,,,,,,,,0.39702523538873746,,0.47259734581742735,Constrained,,,,,,,,,,,,,0.41666666666666663,0.45
basin,,,,,,,,,0.396283909840209,,0.473522105889175,Constrained,,,,,,,,,,,,,0.41666666666666663,0.4666666666666667
basin,,,,,,,,,0.3955449232118702,,0.47444473090955125,Constrained,,,,,,,,,,,,,0.41666666666666663,0.48333333333333334
basin,,,,,,,,,0.3948082691464346,,0.4753652167749582,Constrained,,,,,,,,,,,,,0.41666666666666663,0.5
basin,,,,,,,,,0.39407394124650585,,0.4762835595408532,Constrained,,,,,,,,,,,,,0.41666666666666663,0.5166666666666667
basin,,,,,,,,,0.3933419330756701,,0.4771997554202076,Constrained,,,,,,,,,,,,,0.41666666666666663,0.5333333333333333
basin,,,,,,,,,0.3926122381595767,,0.4781138007819595,Constrained,,,,,,,,,,,,,0.41666666666666663,0.55
basin,,,,,,,,,0.41476281004704424,,0.4507074618934862,Constrained,,,,,,,,,,,,,0.4333333333333333,0.05
basin,,,,,,,,,0.4139682856811556,,0.45167703484263355,Constrained,,,,,,,,,,,,,0.4333333333333333,0.06666666666666667
basin,,,,,,,,,0.41317622110106045,,0.4526446234543052,Constrained,,,,,,,,,,,,,0.4333333333333333,0.08333333333333334
basin,,,,,,,,,0.4123866112041952,,0.4536102196551748,Constrained,,,,,,,,,,,,,0.4333333333333333,0.1
basin,,,,,,,,,0.41159945066995507,,0.45457381562402954,Constrained,,,,,,,,,,,,,0.4333333333333333,0.11666666666666667
basin,,,,,,,,,0.4108147344751712,,0.45553540358195854,Constrained,,,,,,,,,,,,,0.4333333333333333,0.13333333333333333
basin,,,,,,,,,0.41003245729251087,,0.4564949760307216,Constrained,,,,,,,,,,,,,0.4333333333333333,0.15000000000000002
basin,,,,,,,,,0.4092526137464833,,0.4574525256532114,Constrained,,,,,,,,,,,,,0.4333333333333333,0.16666666666666669
basin,,,,,,,,,0.40847519840736574,,0.4584080453143512,Constrained,,,,,,,,,,,,,0.4333333333333333,0.18333333333333335
basin,,,,,,,,,0.407700205788863,,0.45936152806092534,Constrained,,,,,,,,,,,,,0.4333333333333333,0.2
basin,,,,,,,,,0.40692763034750146,,0.46031296712087744,Constrained,,,,,,,,,,,,,0.4333333333333333,0.21666666666666667
basin,,,,,,,,,0.40615746648303513,,0.4612623559022439,Constrained,,,,,,,,,,,,,0.4333333333333333,0.23333333333333334
basin,,,,,,,,,0.4053897085392703,,0.462209687991924,Constrained,,,,,,,,,,,,,0.4333333333333333,0.25
basin,,,,,,,,,0.4046243508050883,,0.4631549571543608,Constrained,,,,,,,,,,,,,0.4333333333333333,0.26666666666666666
basin,,,,,,,,,0.4038613875155821,,0.4640981573301592,Constrained,,,,,,,,,,,,,0.4333333333333333,0.2833333333333333
basin,,,,,,,,,0.403100812853216,,0.4650392826346821,Constrained,,,,,,,,,,,,,0.4333333333333333,0.3
basin,,,,,,,,,0.4023426209488985,,0.4659783273566768,Constrained,,,,,,,,,,,,,0.4333333333333333,0.31666666666666665
basin,,,,,,,,,0.4015868058831175,,0.466915285956859,Constrained,,,,,,,,,,,,,0.4333333333333333,0.3333333333333333
basin,,,,,,,,,0.40083336168698763,,0.4678501530665284,Constrained,,,,,,,,,,,,,0.4333333333333333,0.35
basin,,,,,,,,,0.4000822823433019,,0.468782923486173,Constrained,,,,,,,,,,,,,0.4333333333333333,0.36666666666666664
basin,,,,,,,,,0.39933356178758705,,0.46971359218405606,Constrained,,,,,,,,,,,,,0.4333333333333333,0.3833333333333333
basin,,,,,,,,,0.3985871939091613,,0.47064215429479356,Constrained,,,,,,,,,,,,,0.4333333333333333,0.39999999999999997
basin,,,,,,,,,0.3978431725521999,,0.4715686051179113,Constrained,,,,,,,,,,,,,0.4333333333333333,0.41666666666666663
basin,,,,,,,,,0.3971014915168053,,0.47249294011638965,Constrained,,,,,,,,,,,,,0.4333333333333333,0.4333333333333333
basin,,,,,,,,,0.39636214456008,,0.473415154915191,Constrained,,,,,,,,,,,,,0.4333333333333333,0.45
basin,,,,,,,,,0.39562512539720446,,0.47433524529977555,Constrained,,,,,,,,,,,,,0.4333333333333333,0.4666666666666667
basin,,,,,,,,,0.394890427702483,,0.4752532072146205,Constrained,,,,,,,,,,,,,0.4333333333333333,0.48333333333333334
basin,,,,,,,,,0.39415804511041513,,0.4761690367617132,Constrained,,,,,,,,,,,,,0.4333333333333333,0.5
basin,,,,,,,,,0.39342797121675177,,0.47708273019904307,Constrained,,,,,,,,,,,,,0.4333333333333333,0.5166666666666667
basin,,,,,,,,,0.3927001995795324,,0.4779942839390918,Constrained,,,,,,,,,,,,,0.4333333333333333,0.5333333333333333
basin,,,,,,,,,0.3919747237201167,,0.4789036945473176,Constrained,,,,,,,,,,,,,0.4333333333333333,0.55
basin,,,,,,,,,0.4139938975239185,,0.45163640534914923,Constrained,,,,,,,,,,,,,0.45,0.05
basin,,,,,,,,,0.41320407223568967,,0.45260122472570524,Constrained,,,,,,,,,,,,,0.45,0.06666666666666667
basin,,,,,,,,,0.4124166899823277,,0.45356406074511113,Constrained,,,,,,,,,,,,,0.45,0.08333333333333334
basin,,,,,,,,,0.4116317456056542,,0.45452490561403003,Constrained,,,,,,,,,,,,,0.45,0.1
basin,,,,,,,,,0.4108492338889761,,0.4554837517236348,Constrained,,,,,,,,,,,,,0.45,0.11666666666666667
basin,,,,,,,,,0.410069149553813,,0.45644059164973905,Constrained,,,,,,,,,,,,,0.45,0.13333333333333333
basin,,,,,,,,,0.4092914871212736,,0.45739541821207247,Constrained,,,,,,,,,,,,,0.45,0.15000000000000002
basin,,,,,,,,,0.4085162413612715,,0.45834822428147726,Constrained,,,,,,,,,,,,,0.45,0.16666666666666669
basin,,,,,,,,,0.4077434068100064,,0.4592990029815413,Constrained,,,,,,,,,,,,,0.45,0.18333333333333335
basin,,,,,,,,,0.40697297793523957,,0.46024774762085385,Constrained,,,,,,,,,,,,,0.45,0.2
basin,,,,,,,,,0.40620494915295013,,0.46119445168473705,Constrained,,,,,,,,,,,,,0.45,0.21666666666666667
basin,,,,,,,,,0.4054393148264291,,0.4621391088345756,Constrained,,,,,,,,,,,,,0.45,0.23333333333333334
basin,,,,,,,,,0.4046760692662318,,0.46308171290687344,Constrained,,,,,,,,,,,,,0.45,0.25
basin,,,,,,,,,0.4039152067306516,,0.464022257912124,Constrained,,,,,,,,,,,,,0.45,0.26666666666666666
basin,,,,,,,,,0.40315672142643544,,0.4649607380335909,Constrained,,,,,,,,,,,,,0.45,0.2833333333333333
basin,,,,,,,,,0.40240060750970363,,0.4658971476259959,Constrained,,,,,,,,,,,,,0.45,0.3
basin,,,,,,,,,0.40164685908692976,,0.4668314812141752,Constrained,,,,,,,,,,,,,0.45,0.31666666666666665
basin,,,,,,,,,0.40089547021595295,,0.46776373349171396,Constrained,,,,,,,,,,,,,0.45,0.3333333333333333
basin,,,,,,,,,0.4001464349070043,,0.4686938993195618,Constrained,,,,,,,,,,,,,0.45,0.35
basin,,,,,,,,,0.3993997471237407,,0.4696219737246378,Constrained,,,,,,,,,,,,,0.45,0.36666666666666664
basin,,,,,,,,,0.39865540078427913,,0.47054795189842186,Constrained,,,,,,,,,,,,,0.45,0.3833333333333333
basin,,,,,,,,,0.397913389762239,,0.4714718291955317,Constrained,,,,,,,,,,,,,0.45,0.39999999999999997
basin,,,,,,,,,0.39717370788778306,,0.4723936011322887,Constrained,,,,,,,,,,,,,0.45,0.41666666666666663
basin,,,,,,,,,0.3964363489486642,,0.4733132633852684,Constrained,,,,,,,,,,,,,0.45,0.4333333333333333
basin,,,,,,,,,0.3957013066912756,,0.47423081178983834,Constrained,,,,,,,,,,,,,0.45,0.45
basin,,,,,,,,,0.39496857482168246,,0.4751462423386946,Constrained,,,,,,,,,,,,,0.45,0.4666666666666667
basin,,,,,,,,,0.3942381470066576,,0.4760595511803843,Constrained,,,,,,,,,,,,,0.45,0.48333333333333334
basin,,,,,,,,,0.3935100168747312,,0.47697073461780903,Constrained,,,,,,,,,,,,,0.45,0.5
basin,,,,,,,,,0.3927841780172063,,0.4778797891067396,Constrained,,,,,,,,,,,,,0.45,0.5166666666666667
basin,,,,,,,,,0.3920606239891776,,0.47878671125431543,Constrained,,,,,,,,,,,,,0.45,0.5333333333333333
basin,,,,,,,,,0.3913393483105386,,0.4796914978175422,Constrained,,,,,,,,,,,,,0.45,0.55
basin,,,,,,,,,0.41322769720878316,,0.4525630184516029,Constrained,,,,,,,,,,,,,0.4666666666666667,0.05
basin,,,,,,,,,0.4124425515758189,,0.4535230886396593,Constrained,,,,,,,,,,,,,0.4666666666666667,0.06666666666666667
basin,,,,,,,,,0.41165983223389446,,0.45448117673523386,Constrained,,,,,,,,,,,,,0.4666666666666667,0.08333333333333334
basin,,,,,,,,,0.4108795339593779,,0.4554372752236221,Constrained,,,,,,,,,,,,,0.4666666666666667,0.1
basin,,,,,,,,,0.4101016514838032,,0.45639137676812824,Constrained,,,,,,,,,,,,,0.4666666666666667,0.11666666666666667
basin,,,,,,,,,0.40932617948364847,,0.4573434742120158,Constrained,,,,,,,,,,,,,0.4666666666666667,0.13333333333333333
basin,,,,,,,,,0.4085531125772781,,0.4582935605785744,Constrained,,,,,,,,,,,,,0.4666666666666667,0.15000000000000002
basin,,,,,,,,,0.40778244532474206,,0.4592416290703084,Constrained,,,,,,,,,,,,,0.4666666666666667,0.16666666666666669
basin,,,,,,,,,0.4070141721886277,,0.46018767308579683,Constrained,,,,,,,,,,,,,0.4666666666666667,0.18333333333333335
basin,,,,,,,,,0.4062482875628039,,0.46113168620755096,Constrained,,,,,,,,,,,,,0.4666666666666667,0.2
basin,,,,,,,,,0.4054847859669133,,0.46207366211023565,Constrained,,,,,,,,,,,,,0.4666666666666667,0.21666666666666667
basin,,,,,,,,,0.4047236617249115,,0.4630135947056905,Constrained,,,,,,,,,,,,,0.4666666666666667,0.23333333333333334
basin,,,,,,,,,0.4039649091124988,,0.46395147807674847,Constrained,,,,,,,,,,,,,0.4666666666666667,0.25
basin,,,,,,,,,0.4032085223567191,,0.464887306476378,Constrained,,,,,,,,,,,,,0.4666666666666667,0.26666666666666666
basin,,,,,,,,,0.40245449563612956,,0.46582107432663106,Constrained,,,,,,,,,,,,,0.4666666666666667,0.2833333333333333
basin,,,,,,,,,0.40170282308126704,,0.46675277621749073,Constrained,,,,,,,,,,,,,0.4666666666666667,0.3
basin,,,,,,,,,0.4009534987753197,,0.46768240690563806,Constrained,,,,,,,,,,,,,0.4666666666666667,0.31666666666666665
basin,,,,,,,,,0.40020651675492636,,0.468609961313165,Constrained,,,,,,,,,,,,,0.4666666666666667,0.3333333333333333
basin,,,,,,,,,0.3994618710110605,,0.4695354345262443,Constrained,,,,,,,,,,,,,0.4666666666666667,0.35
basin,,,,,,,,,0.3987195554899625,,0.47045882179377074,Constrained,,,,,,,,,,,,,0.4666666666666667,0.36666666666666664
basin,,,,,,,,,0.39797956409410906,,0.4713801185259765,Constrained,,,,,,,,,,,,,0.4666666666666667,0.3833333333333333
basin,,,,,,,,,0.3972418906831998,,0.4722993202930294,Constrained,,,,,,,,,,,,,0.4666666666666667,0.39999999999999997
basin,,,,,,,,,0.39650652907515993,,0.4732164228236124,Constrained,,,,,,,,,,,,,0.4666666666666667,0.41666666666666663
basin,,,,,,,,,0.395773473047154,,0.47413142200348657,Constrained,,,,,,,,,,,,,0.4666666666666667,0.4333333333333333
basin,,,,,,,,,0.39504271633659055,,0.4750443138740506,Constrained,,,,,,,,,,,,,0.4666666666666667,0.45
basin,,,,,,,,,0.39431425264212916,,0.47595509463088675,Constrained,,,,,,,,,,,,,0.4666666666666667,0.4666666666666667
basin,,,,,,,,,0.39358807562470677,,0.4768637606222877,Constrained,,,,,,,,,,,,,0.4666666666666667,0.48333333333333334
basin,,,,,,,,,0.3928641789085361,,0.47777030834778667,Constrained,,,,,,,,,,,,,0.4666666666666667,0.5
basin,,,,,,,,,0.39214255608210524,,0.47867473445668035,Constrained,,,,,,,,,,,,,0.4666666666666667,0.5166666666666667
basin,,,,,,,,,0.3914232006991708,,0.47957703574654303,Constrained,,,,,,,,,,,,,0.4666666666666667,0.5333333333333333
basin,,,,,,,,,0.3907061062797428,,0.4804772091617382,Constrained,,,,,,,,,,,,,0.4666666666666667,0.55
basin,,,,,,,,,0.41246420389939525,,0.45348729331601084,Constrained,,,,,,,,,,,,,0.48333333333333334,0.05
basin,,,,,,,,,0.411683718551361,,0.4544426189564243,Constrained,,,,,,,,,,,,,0.48333333333333334,0.06666666666666667
basin,,,,,,,,,0.4109056426245239,,0.45539596409463773,Constrained,,,,,,,,,,,,,0.48333333333333334,0.08333333333333334
basin,,,,,,,,,0.41012997096863485,,0.4563473214426911,Constrained,,,,,,,,,,,,,0.48333333333333334,0.1
basin,,,,,,,,,0.4093566982551262,,0.45729668393437084,Constrained,,,,,,,,,,,,,0.48333333333333334,0.11666666666666667
basin,,,,,,,,,0.40858581911209435,,0.45824404467737584,Constrained,,,,,,,,,,,,,0.48333333333333334,0.13333333333333333
basin,,,,,,,,,0.40781732811606386,,0.4591893969547918,Constrained,,,,,,,,,,,,,0.48333333333333334,0.15000000000000002
basin,,,,,,,,,0.4070512197892976,,0.46013273422501066,Constrained,,,,,,,,,,,,,0.48333333333333334,0.16666666666666669
basin,,,,,,,,,0.4062874885993923,,0.461074050120945,Constrained,,,,,,,,,,,,,0.48333333333333334,0.18333333333333335
basin,,,,,,,,,0.40552612895976714,,0.46201333844894704,Constrained,,,,,,,,,,,,,0.48333333333333334,0.2
basin,,,,,,,,,0.4047671352305166,,0.4629505931875896,Constrained,,,,,,,,,,,,,0.48333333333333334,0.21666666666666667
basin,,,,,,,,,0.40401050171952435,,0.4638858084863286,Constrained,,,,,,,,,,,,,0.48333333333333334,0.23333333333333334
basin,,,,,,,,,0.4032562225909848,,0.4648189787087154,Constrained,,,,,,,,,,,,,0.48333333333333334,0.25
basin,,,,,,,,,0.4025042921410626,,0.4657500983002223,Constrained,,,,,,,,,,,,,0.48333333333333334,0.26666666666666666
basin,,,,,,,,,0.4017547045564338,,0.4666791619005181,Constrained,,,,,,,,,,,,,0.48333333333333334,0.2833333333333333
basin,,,,,,,,,0.4010074539413484,,0.4676061643313291,Constrained,,,,,,,,,,,,,0.48333333333333334,0.3
basin,,,,,,,,,0.4002625343556294,,0.46853110057745084,Constrained,,,,,,,,,,,,,0.48333333333333334,0.31666666666666665
basin,,,,,,,,,0.3995199398151334,,0.4694539657855748,Constrained,,,,,,,,,,,,,0.48333333333333334,0.3333333333333333
basin,,,,,,,,,0.39877966429237105,,0.47037475526305234,Constrained,,,,,,,,,,,,,0.48333333333333334,0.35
basin,,,,,,,,,0.39804170171724107,,0.4712934644766088,Constrained,,,,,,,,,,,,,0.48333333333333334,0.36666666666666664
basin,,,,,,,,,0.397306045977847,,0.47221008905101863,Constrained,,,,,,,,,,,,,0.48333333333333334,0.3833333333333333
basin,,,,,,,,,0.39657269092137104,,0.47312462476774597,Constrained,,,,,,,,,,,,,0.48333333333333334,0.39999999999999997
basin,,,,,,,,,0.39584163035498765,,0.4740370675635626,Constrained,,,,,,,,,,,,,0.48333333333333334,0.41666666666666663
basin,,,,,,,,,0.3951128580468053,,0.4749474135291408,Constrained,,,,,,,,,,,,,0.48333333333333334,0.4333333333333333
basin,,,,,,,,,0.3943863677268209,,0.47585565890763437,Constrained,,,,,,,,,,,,,0.48333333333333334,0.45
basin,,,,,,,,,0.3936621530878873,,0.47676180009324176,Constrained,,,,,,,,,,,,,0.48333333333333334,0.4666666666666667
basin,,,,,,,,,0.39294020778668404,,0.47766583362976195,Constrained,,,,,,,,,,,,,0.48333333333333334,0.48333333333333334
basin,,,,,,,,,0.3922205254446893,,0.47856775620913716,Constrained,,,,,,,,,,,,,0.48333333333333334,0.5
basin,,,,,,,,,0.39150309964914853,,0.4794675646699924,Constrained,,,,,,,,,,,,,0.48333333333333334,0.5166666666666667
basin,,,,,,,,,0.3907879239540397,,0.4803652559961657,Constrained,,,,,,,,,,,,,0.48333333333333334,0.5333333333333333
basin,,,,,,,,,0.39007499188103145,,0.48126082731523684,Constrained,,,,,,,,,,,,,0.48333333333333334,0.55
basin,,,,,,,,,0.411703412235394,,0.4544092223191179,Constrained,,,,,,,,,,,,,0.5,0.05
basin,,,,,,,,,0.4109275677122734,,0.45535980835751855,Constrained,,,,,,,,,,,,,0.5,0.06666666666666667
basin,,,,,,,,,0.41015411586185135,,0.45630841571490277,Constrained,,,,,,,,,,,,,0.5,0.08333333333333334
basin,,,,,,,,,0.4093830512757052,,0.45725503744796325,Constrained,,,,,,,,,,,,,0.5,0.1
basin,,,,,,,,,0.4086143687789956,,0.4581996666808977,Constrained,,,,,,,,,,,,,0.5,0.11666666666666667
basin,,,,,,,,,0.4078480629596604,,0.4591422967782666,Constrained,,,,,,,,,,,,,0.5,0.13333333333333333
basin,,,,,,,,,0.40708412834907015,,0.4600829212799683,Constrained,,,,,,,,,,,,,0.5,0.15000000000000002
basin,,,,,,,,,0.40632255943057566,,0.4610215338966592,Constrained,,,,,,,,,,,,,0.5,0.16666666666666669
basin,,,,,,,,,0.4055633506370468,,0.46195812850957685,Constrained,,,,,,,,,,,,,0.5,0.18333333333333335
basin,,,,,,,,,0.4048064963503343,,0.4628926991697632,Constrained,,,,,,,,,,,,,0.5,0.2
basin,,,,,,,,,0.4040519909015573,,0.46382524009701964,Constrained,,,,,,,,,,,,,0.5,0.21666666666666667
basin,,,,,,,,,0.40329982857182345,,0.4647557456787032,Constrained,,,,,,,,,,,,,0.5,0.23333333333333334
basin,,,,,,,,,0.40255000359315185,,0.465684210468438,Constrained,,,,,,,,,,,,,0.5,0.25
basin,,,,,,,,,0.40180251014950397,,0.46661062918477314,Constrained,,,,,,,,,,,,,0.5,0.26666666666666666
basin,,,,,,,,,0.4010573423778681,,0.4675349967098058,Constrained,,,,,,,,,,,,,0.5,0.2833333333333333
basin,,,,,,,,,0.40031449436935324,,0.46845730808778735,Constrained,,,,,,,,,,,,,0.5,0.3
basin,,,,,,,,,0.39957396017028046,,0.4693775585237185,Constrained,,,,,,,,,,,,,0.5,0.31666666666666665
basin,,,,,,,,,0.3988357337677135,,0.4702957433898554,Constrained,,,,,,,,,,,,,0.5,0.3333333333333333
basin,,,,,,,,,0.3980998090898011,,0.4712118582250712,Constrained,,,,,,,,,,,,,0.5,0.35
basin,,,,,,,,,0.39736618011820163,,0.47212589867595767,Constrained,,,,,,,,,,,,,0.5,0.36666666666666664
basin,,,,,,,,,0.39663484072714167,,0.47303786057797137,Constrained,,,,,,,,,,,,,0.5,0.3833333333333333
basin,,,,,,,,,0.395905784752023,,0.4739477399199377,Constrained,,,,,,,,,,,,,0.5,0.39999999999999997
basin,,,,,,,,,0.39517900599024247,,0.4748555328426969,Constrained,,,,,,,,,,,,,0.5,0.41666666666666663
basin,,,,,,,,,0.39445449820198997,,0.47576123563775935,Constrained,,,,,,,,,,,,,0.5,0.4333333333333333
basin,,,,,,,,,0.39373225511108,,0.4766648447459419,Constrained,,,,,,,,,,,,,0.5,0.45
basin,,,,,,,,,0.3930122704058586,,0.4775663567559577,Constrained,,,,,,,,,,,,,0.5,0.4666666666666667
basin,,,,,,,,,0.39229453774011436,,0.47846576840299765,Constrained,,,,,,,,,,,,,0.5,0.48333333333333334
basin,,,,,,,,,0.3915790507339923,,0.479363076567305,Constrained,,,,,,,,,,,,,0.5,0.5
basin,,,,,,,,,0.3908658029749216,,0.48025827827273293,Constrained,,,,,,,,,,,,,0.5,0.5166666666666667
basin,,,,,,,,,0.39015478801853953,,0.4811513706853003,Constrained,,,,,,,,,,,,,0.5,0.5333333333333333
basin,,,,,,,,,0.3894459993896167,,0.48204235111173704,Constrained,,,,,,,,,,,,,0.5,0.55
basin,,,,,,,,,0.41094531694057235,,0.455328798017302,Constrained,,,,,,,,,,,,,0.5166666666666667,0.05
basin,,,,,,,,,0.41017409363684215,,0.45627464971676407,Constrained,,,,,,,,,,,,,0.5166666666666667,0.06666666666666667
basin,,,,,,,,,0.40940524620571106,,0.4572185248504623,Constrained,,,,,,,,,,,,,0.5166666666666667,0.08333333333333334
basin,,,,,,,,,0.4086387693242016,,0.45816041668550106,Constrained,,,,,,,,,,,,,0.5166666666666667,0.1
basin,,,,,,,,,0.40787465759465386,,0.4591003186699473,Constrained,,,,,,,,,,,,,0.5166666666666667,0.11666666666666667
basin,,,,,,,,,0.40711290549754553,,0.460038224452308,Constrained,,,,,,,,,,,,,0.5166666666666667,0.13333333333333333
basin,,,,,,,,,0.4063535076901085,,0.4609741277592146,Constrained,,,,,,,,,,,,,0.5166666666666667,0.15000000000000002
basin,,,,,,,,,0.4055964586135883,,0.46190802255060914,Constrained,,,,,,,,,,,,,0.5166666666666667,0.16666666666666669
basin,,,,,,,,,0.4048417526646644,,0.4628399029525735,Constrained,,,,,,,,,,,,,0.5166666666666667,0.18333333333333335
basin,,,,,,,,,0.40408938419321805,,0.4637697632570582,Constrained,,,,,,,,,,,,,0.5166666666666667,0.2
basin,,,,,,,,,0.40333934750169365,,0.46469759792111226,Constrained,,,,,,,,,,,,,0.5166666666666667,0.21666666666666667
basin,,,,,,,,,0.402591636845246,,0.4656234015658536,Constrained,,,,,,,,,,,,,0.5166666666666667,0.23333333333333334
basin,,,,,,,,,0.4018462464322834,,0.46654716897530457,Constrained,,,,,,,,,,,,,0.5166666666666667,0.25
basin,,,,,,,,,0.4011031704252329,,0.4674688950951404,Constrained,,,,,,,,,,,,,0.5166666666666667,0.26666666666666666
basin,,,,,,,,,0.40036240294143344,,0.4683885750313839,Constrained,,,,,,,,,,,,,0.5166666666666667,0.2833333333333333
basin,,,,,,,,,0.39962393805409774,,0.4693062040490618,Constrained,,,,,,,,,,,,,0.5166666666666667,0.3
basin,,,,,,,,,0.39888776979331536,,0.4702217775708362,Constrained,,,,,,,,,,,,,0.5166666666666667,0.31666666666666665
basin,,,,,,,,,0.3981538921470644,,0.4711352911756219,Constrained,,,,,,,,,,,,,0.5166666666666667,0.3333333333333333
basin,,,,,,,,,0.39742229906221893,,0.4720467405971961,Constrained,,,,,,,,,,,,,0.5166666666666667,0.35
basin,,,,,,,,,0.3966929844455487,,0.47295612172280416,Constrained,,,,,,,,,,,,,0.5166666666666667,0.36666666666666664
basin,,,,,,,,,0.3959659421647216,,0.4738634305917519,Constrained,,,,,,,,,,,,,0.5166666666666667,0.3833333333333333
basin,,,,,,,,,0.3952411660492509,,0.4747686633940193,Constrained,,,,,,,,,,,,,0.5166666666666667,0.39999999999999997
basin,,,,,,,,,0.39451864989148844,,0.4756718164688398,Constrained,,,,,,,,,,,,,0.5166666666666667,0.41666666666666663
basin,,,,,,,,,0.3937983874475849,,0.47657288630328976,Constrained,,,,,,,,,,,,,0.5166666666666667,0.4333333333333333
basin,,,,,,,,,0.39308037243844207,,0.4774718695308711,Constrained,,,,,,,,,,,,,0.5166666666666667,0.45
basin,,,,,,,,,0.3923645985506614,,0.4783687629300891,Constrained,,,,,,,,,,,,,0.5166666666666667,0.4666666666666667
basin,,,,,,,,,0.3916510594374867,,0.4792635634230252,Constrained,,,,,,,,,,,,,0.5166666666666667,0.48333333333333334
basin,,,,,,,,,0.39093974871974,,0.4801562680739047,Constrained,,,,,,,,,,,,,0.5166666666666667,0.5
basin,,,,,,,,,0.3902306599867526,,0.4810468740876602,Constrained,,,,,,,,,,,,,0.5166666666666667,0.5166666666666667
basin,,,,,,,,,0.3895237867972866,,0.48193537880849247,Constrained,,,,,,,,,,,,,0.5166666666666667,0.5333333333333333
basin,,,,,,,,,0.3888191226804481,,0.48282177971842904,Constrained,,,,,,,,,,,,,0.5166666666666667,0.55
basin,,,,,,,,,0.41018991255138443,,0.4562460132364806,Constrained,,,,,,,,,,,,,0.5333333333333333,0.05
basin,,,,,,,,,0.40942329087032614,,0.45718713612135325,Constrained,,,,,,,,,,,,,0.5333333333333333,0.06666666666666667
basin,,,,,,,,,0.4086590282634097,,0.4581262848240206,Constrained,,,,,,,,,,,,,0.5333333333333333,0.08333333333333334
basin,,,,,,,,,0.4078971193658617,,0.4590634528666569,Constrained,,,,,,,,,,,,,0.5333333333333333,0.1
basin,,,,,,,,,0.4071375587628565,,0.45999863394061197,Constrained,,,,,,,,,,,,,0.5333333333333333,0.11666666666666667
basin,,,,,,,,,0.40638034098728004,,0.46093182190613774,Constrained,,,,,,,,,,,,,0.5333333333333333,0.13333333333333333
basin,,,,,,,,,0.40562546051979037,,0.4618630107914543,Constrained,,,,,,,,,,,,,0.5333333333333333,0.15000000000000002
basin,,,,,,,,,0.40487291167120865,,0.46279219484217243,Constrained,,,,,,,,,,,,,0.5333333333333333,0.16666666666666669
basin,,,,,,,,,0.4041226889637245,,0.4637193683595405,Constrained,,,,,,,,,,,,,0.5333333333333333,0.18333333333333335
basin,,,,,,,,,0.40337478672611193,,0.46464452586781135,Constrained,,,,,,,,,,,,,0.5333333333333333,0.2
basin,,,,,,,,,0.4026291992314266,,0.4655676620576345,Constrained,,,,,,,,,,,,,0.5333333333333333,0.21666666666666667
basin,,,,,,,,,0.4018859207087771,,0.46648877178007514,Constrained,,,,,,,,,,,,,0.5333333333333333,0.23333333333333334
basin,,,,,,,,,0.4011449453433545,,0.4674078500456012,Constrained,,,,,,,,,,,,,0.5333333333333333,0.25
basin,,,,,,,,,0.40040626727682826,,0.46832489202294925,Constrained,,,,,,,,,,,,,0.5333333333333333,0.26666666666666666
basin,,,,,,,,,0.3996698806079689,,0.46923989303790664,Constrained,,,,,,,,,,,,,0.5333333333333333,0.2833333333333333
basin,,,,,,,,,0.39893577939340774,,0.4701528485720404,Constrained,,,,,,,,,,,,,0.5333333333333333,0.3
basin,,,,,,,,,0.3982039576484856,,0.4710637542613867,Constrained,,,,,,,,,,,,,0.5333333333333333,0.31666666666666665
basin,,,,,,,,,0.3974744093481537,,0.4719726058951096,Constrained,,,,,,,,,,,,,0.5333333333333333,0.3333333333333333
basin,,,,,,,,,0.39674712842790283,,0.47287939941414425,Constrained,,,,,,,,,,,,,0.5333333333333333,0.35
basin,,,,,,,,,0.3960221087847159,,0.47378413090981963,Constrained,,,,,,,,,,,,,0.5333333333333333,0.36666666666666664
basin,,,,,,,,,0.3952993442779834,,0.47468679662249263,Constrained,,,,,,,,,,,,,0.5333333333333333,0.3833333333333333
basin,,,,,,,,,0.3945788287304851,,0.4755873929401419,Constrained,,,,,,,,,,,,,0.5333333333333333,0.39999999999999997
basin,,,,,,,,,0.3938605559293231,,0.4764859163969778,Constrained,,,,,,,,,,,,,0.5333333333333333,0.41666666666666663
basin,,,,,,,,,0.3931445196268614,,0.4773823636720398,Constrained,,,,,,,,,,,,,0.5333333333333333,0.4333333333333333
basin,,,,,,,,,0.39243071354165937,,0.47827673158779166,Constrained,,,,,,,,,,,,,0.5333333333333333,0.45
basin,,,,,,,,,0.3917191313593984,,0.47916901710871085,Constrained,,,,,,,,,,,,,0.5333333333333333,0.4666666666666667
basin,,,,,,,,,0.39100976673380444,,0.48005921733987256,Constrained,,,,,,,,,,,,,0.5333333333333333,0.48333333333333334
basin,,,,,,,,,0.3903026132875623,,0.48094732952553176,Constrained,,,,,,,,,,,,,0.5333333333333333,0.5
basin,,,,,,,,,0.3895976646132231,,0.4818333510477018,Constrained,,,,,,,,,,,,,0.5333333333333333,0.5166666666666667
basin,,,,,,,,,0.3888949142741045,,0.48271727942472936,Constrained,,,,,,,,,,,,,0.5333333333333333,0.5333333333333333
basin,,,,,,,,,0.3881943558051826,,0.48359911230986835,Constrained,,,,,,,,,,,,,0.5333333333333333,0.55
basin,,,,,,,,,0.4094371935199288,,0.45716086103612297,Constrained,,,,,,,,,,,,,0.55,0.05
basin,,,,,,,,,0.4086751538064366,,0.45809726091238406,Constrained,,,,,,,,,,,,,0.55,0.06666666666666667
basin,,,,,,,,,0.40791545637998655,,0.4590316892509023,Constrained,,,,,,,,,,,,,0.55,0.08333333333333334
basin,,,,,,,,,0.40715809582933904,,0.45996413982625034,Constrained,,,,,,,,,,,,,0.55,0.1
basin,,,,,,,,,0.4064030667022296,,0.46089460657697034,Constrained,,,,,,,,,,,,,0.55,0.11666666666666667
basin,,,,,,,,,0.4056503634987996,,0.4618230836065283,Constrained,,,,,,,,,,,,,0.55,0.13333333333333333
basin,,,,,,,,,0.4048999806699428,,0.4627495651828773,Constrained,,,,,,,,,,,,,0.55,0.15000000000000002
basin,,,,,,,,,0.40415191261740024,,0.46367404573749016,Constrained,,,,,,,,,,,,,0.55,0.16666666666666669
basin,,,,,,,,,0.4034061536944828,,0.4645965198641824,Constrained,,,,,,,,,,,,,0.55,0.18333333333333335
basin,,,,,,,,,0.402662698176275,,0.4655169823314938,Constrained,,,,,,,,,,,,,0.55,0.2
basin,,,,,,,,,0.40192154027124405,,0.4664354280778227,Constrained,,,,,,,,,,,,,0.55,0.21666666666666667
basin,,,,,,,,,0.401182674303117,,0.4673518521276878,Constrained,,,,,,,,,,,,,0.55,0.23333333333333334
basin,,,,,,,,,0.4004460944334901,,0.4682662497143218,Constrained,,,,,,,,,,,,,0.55,0.25
basin,,,,,,,,,0.39971179478333235,,0.4691786162257257,Constrained,,,,,,,,,,,,,0.55,0.26666666666666666
basin,,,,,,,,,0.3989797694332595,,0.4700889472035585,Constrained,,,,,,,,,,,,,0.55,0.2833333333333333
basin,,,,,,,,,0.3982500124240326,,0.47099723834195,Constrained,,,,,,,,,,,,,0.55,0.3
basin,,,,,,,,,0.39752251775719705,,0.4719034854862604,Constrained,,,,,,,,,,,,,0.55,0.31666666666666665
basin,,,,,,,,,0.3967972793958241,,0.4728076846317979,Constrained,,,,,,,,,,,,,0.55,0.3333333333333333
basin,,,,,,,,,0.39607429126531113,,0.47370983192251037,Constrained,,,,,,,,,,,,,0.55,0.35
basin,,,,,,,,,0.39535354725421945,,0.4746099236496553,Constrained,,,,,,,,,,,,,0.55,0.36666666666666664
basin,,,,,,,,,0.39463504121515536,,0.4755079562504456,Constrained,,,,,,,,,,,,,0.55,0.3833333333333333
basin,,,,,,,,,0.3939187669656562,,0.47640392630668643,Constrained,,,,,,,,,,,,,0.55,0.39999999999999997
basin,,,,,,,,,0.393204718289088,,0.47729783054340136,Constrained,,,,,,,,,,,,,0.55,0.41666666666666663
basin,,,,,,,,,0.39249288893554585,,0.47818966582744993,Constrained,,,,,,,,,,,,,0.55,0.4333333333333333
basin,,,,,,,,,0.3917832726227549,,0.4790794291661387,Constrained,,,,,,,,,,,,,0.55,0.45
basin,,,,,,,,,0.39107586303696995,,0.47996711770582534,Constrained,,,,,,,,,,,,,0.55,0.4666666666666667
basin,,,,,,,,,0.39037065383386893,,0.48085272873052165,Constrained,,,,,,,,,,,,,0.55,0.48333333333333334
basin,,,,,,,,,0.3896676386394441,,0.4817362596604879,Constrained,,,,,,,,,,,,,0.55,0.5
basin,,,,,,,,,0.3889668110508853,,0.4826177080508289,Constrained,,,,,,,,,,,,,0.55,0.5166666666666667
basin,,,,,,,,,0.3882681646374572,,0.4834970715900835,Constrained,,,,,,,,,,,,,0.55,0.5333333333333333
basin,,,,,,,,,0.38757169294136884,,0.4843743480988161,Constrained,,,,,,,,,,,,,0.55,0.55
